id,name,host_id,host_name,neighbourhood_group,neighbourhood,latitude,longitude,room_type,price,minimum_nights,number_of_reviews,last_review,reviews_per_month,calculated_host_listings_count,availability_365,number_of_reviews_ltm,license
203806,Flat close to Sint-Pieters Station!,999847,Jean Denis,,Watersportbaan - Ekkergem,51.04426,3.7127,Entire home/apt,125,5,334,2025-06-09,2.01,1,201,23,
252269,Large & bright town House - Center Ghent - max 8p,1195314,Anne-Sophie,,Elisabethbegijnhof - Papegaai,51.05059,3.71895,Entire home/apt,312,2,333,2025-06-23,2.07,1,192,41,
696209,Black & White studioB central Ghent,1328011,Jan,,Elisabethbegijnhof - Papegaai,51.05021,3.71624,Entire home/apt,91,90,39,2024-12-31,0.26,6,195,1,
743981,Black & White studioA central Ghent,1328011,Jan,,Elisabethbegijnhof - Papegaai,51.05021,3.71624,Entire home/apt,91,90,24,2025-01-31,0.16,6,147,1,
835795,Koestraat 46,4369972,Koestraat 46,,Binnenstad,51.05277,3.72902,Entire home/apt,109,2,623,2025-06-19,4.16,1,210,83,
887716,Duplex studio F central Ghent,1328011,Jan,,Elisabethbegijnhof - Papegaai,51.05021,3.71624,Entire home/apt,100,90,11,2024-06-30,0.12,6,211,1,
924683,Perfect apartment center of Ghent,4974034,Carmen,,Elisabethbegijnhof - Papegaai,51.05353,3.71675,Entire home/apt,51,4,404,2025-05-12,2.69,1,22,1,
1141163,Huis van Vletingen downtown apartment Ghent,5082339,Joost,,Binnenstad,51.04531,3.73526,Entire home/apt,92,2,164,2025-03-31,1.11,1,262,7,
1222069,B&B Marie Reine in old Monastry,5456443,Ruth,,Watersportbaan - Ekkergem,51.04997,3.70477,Private room,85,2,424,2024-06-21,2.90,2,108,0,
1339383,"Heaven@11, your charming studio in historic Gent.",7258638,Ina,,Binnenstad,51.05823,3.72194,Entire home/apt,121,4,49,2024-11-03,0.35,2,77,7,
1418588,"Modern house w pool,near Ghent,2-8p",7640576,Stijn,,Sint Denijs Westrem,51.02246,3.66932,Entire home/apt,280,3,65,2024-08-11,0.46,1,68,2,
1425838,Cosy room in green area,6976593,Hilde,,Mariakerke,51.07343,3.69184,Private room,49,7,26,2025-04-18,0.18,2,347,5,
1482891,"Private floor with bedroom, bathroom and living",2091743,Paul,,Dampoort,51.04821,3.75034,Private room,57,2,122,2025-05-31,1.14,1,105,7,
1627743,band resort 0.1,8651909,Gerald,,Binnenstad,51.05631,3.72768,Entire home/apt,93,5,226,2025-06-14,1.58,2,192,12,
1670943,Room in cosy and little house near centre of Ghent,5390128,Mieke,,Muide - Meulestede - Afrikalaan,51.07408905029297,3.7324869632720947,Private room,77,1,58,2025-05-31,0.44,3,79,15,
1720808,unique loftspace with garden,9071229,Mieke,,Sluizeken - Tolhuis - Ham,51.05806,3.73801,Entire home/apt,181,4,25,2024-08-03,0.18,1,213,2,
1754719,Band Resort 1.1. - Rent Appartment,9228510,Vincent,,Binnenstad,51.05449,3.72634,Entire home/apt,336,2,324,2025-06-15,2.29,1,316,42,
1981738,Small loft + private bathroom,10225820,Peter,,Oud Gentbrugge,51.04052,3.74554,Private room,51,2,381,2025-06-22,2.73,1,314,30,
2082353,"Cosy, sunny and spacious house with city garden",9075008,Wouter,,Ledeberg,51.03942,3.74241,Entire home/apt,155,2,197,2025-06-08,1.41,1,57,14,
2138676,Appartement Centrum aan Water “roomS with a view”,10913980,Alice,,Macharius - Heirnis,51.04414,3.73911,Entire home/apt,91,2,102,2025-05-11,0.73,1,357,2,
2216415,A Bright Apartment in Ghent (50m²),11304146,Kristof,,Macharius - Heirnis,51.05463,3.73745,Entire home/apt,51,90,83,2025-03-09,0.60,4,222,9,
2398101,Ingericht appartement aan de rand van de stad,5298594,Isabelle,,Ledeberg,51.034763,3.734547,Entire home/apt,83,3,27,2024-06-25,0.35,1,0,1,
2471516,Appartement center Ledeberg,12637432,Pieter,,Ledeberg,51.03788804155838,3.7485871682617056,Entire home/apt,,4,2,2024-07-21,0.14,1,0,1,
2495356,Entrée d'Artistes@GhentHistoricalCentre,12772331,Ann,,Sluizeken - Tolhuis - Ham,51.06135,3.72523,Private room,60,1,496,2025-06-08,3.63,1,38,36,
2525482,Located 3 km from center . ( room ),12931085,Koen,,Bloemekenswijk,51.07502,3.70798,Private room,185,1,0,,,1,365,0,
2600085,Brand new studio flat,13314551,Kris &  Marie,,Macharius - Heirnis,51.05309,3.73597,Entire home/apt,,2,34,2018-02-18,0.25,2,0,0,
2604886,Gezellig huisje langs het Kanaal,13340654,Dirk,,Mariakerke,51.07425,3.68447,Entire home/apt,91,4,33,2025-06-10,0.27,1,41,7,
2702324,Luxury Loft,13829824,Francis,,Muide - Meulestede - Afrikalaan,51.08058,3.72903,Entire home/apt,65,14,41,2025-06-09,0.30,7,320,5,
3120783,Villa-Emma - 3000m2 tuin:Tilia,15853573,Georges,,Sint Amandsberg,51.075,3.75642,Private room,125,2,9,2023-05-09,0.07,2,259,0,
3124062,Villa-Emma - 3000m2 tuin:Acacia,15853573,Georges,,Sint Amandsberg,51.07558,3.75869,Private room,145,2,8,2022-04-24,0.06,2,266,0,
3611653,Charming duplex in historical center,18198634,Isabelle,,Binnenstad,51.05312,3.72556,Entire home/apt,239,2,448,2025-06-01,3.37,1,173,46,
3803585,Beautiful and comfortable bedroom,19543730,Vera,,Binnenstad,51.05089,3.73527,Private room,54,2,109,2021-08-15,0.83,1,69,0,
3831324,Home Trietje 1 **,19054548,Ly,,Mariakerke,51.072,3.68585,Entire home/apt,207,7,29,2025-05-02,0.23,2,245,3,
3837839,Cosy 3-room studio near old center,13314551,Kris &  Marie,,Macharius - Heirnis,51.0517,3.73758,Entire home/apt,,2,148,2020-08-15,1.12,2,0,0,
4104274,"Room in nice appt 15min walk to centre, free bikes",21290432,Sofie,,Binnenstad,51.03752,3.73251,Private room,52,3,178,2025-06-22,1.36,1,133,11,
4397066,Open studio,11304146,Kristof,,Brugse Poort - Rooigem,51.06002,3.69982,Entire home/apt,36,90,23,2025-02-09,0.18,4,146,1,
4458417,house with 3 bedrooms and garden,6316738,Lies,,Brugse Poort - Rooigem,51.06145,3.69534,Entire home/apt,,5,12,2024-08-13,0.10,1,0,1,
4550799,Artist habitat in the center (6pax),23595340,Gaby,,Binnenstad,51.05636,3.72161,Private room,130,2,121,2025-04-17,0.95,2,322,11,
4589336,B&B cozy whole apartment,23789053,Tobby,,Nieuw Gent - UZ,51.02826,3.73011,Entire home/apt,90,1,536,2025-06-10,4.16,1,7,34,
4591763,Romantic boat in Gent,23801608,Hans,,Macharius - Heirnis,51.04565,3.74406,Entire home/apt,81,2,617,2025-06-04,4.79,1,145,34,
4595143,Mayflower Studio,23819348,Carine,,Gentbrugge,51.04463,3.76189,Private room,66,7,10,2022-05-18,0.08,1,340,0,
4645775,"Charming & historic villa, garden + free! parking",5438353,Sofie,,Stationsbuurt Noord,51.03855,3.71455,Entire home/apt,202,2,379,2025-06-20,3.24,1,309,44,
4696196,Artist habitat in the center (2pax),23595340,Gaby,,Binnenstad,51.0571,3.72195,Private room,116,2,58,2025-05-31,0.45,2,327,6,
4733566,Spacious 3br family villa with big garden,14003598,Elfie,,Sint Denijs Westrem,51.02949,3.68237,Entire home/apt,,3,35,2024-08-30,0.27,1,3,2,
5224982,Water side stay in art deco cabin,13829824,Francis,,Muide - Meulestede - Afrikalaan,51.07564,3.72872,Entire home/apt,89,2,275,2025-03-16,2.18,7,312,23,
5273113,Your home for a stay of minimum 5 nights.,27297880,Kristiaan,,Stationsbuurt Noord,51.03323,3.72638,Private room,75,5,23,2025-03-29,0.28,1,7,6,
5303608,La cabane,18097910,Gino,,Dampoort,51.059704,3.74287,Entire home/apt,80,1,1090,2025-06-24,8.66,1,290,113,
5498400,"Entre dos aguas, next to a citypark",310389,Dirk,,Macharius - Heirnis,51.04442,3.73858,Entire home/apt,,7,134,2024-09-28,1.08,1,0,7,
5590250,"Modern, Luxurious, Quiet",28983914,Birger,,Stationsbuurt Zuid,51.02916,3.71097,Private room,58,5,114,2025-01-28,0.93,1,258,2,
5694820,Baudelo's duplex apartment (air conditioning),29523955,Anne-Marie,,Binnenstad,51.05792,3.72885,Entire home/apt,180,2,364,2024-09-15,2.91,1,131,10,
5799277,StudioD,1328011,Jan,,Elisabethbegijnhof - Papegaai,51.05021286010742,3.716377019882202,Entire home/apt,81,90,1,2024-06-30,0.08,6,146,1,
5908287,Maxi LOFT (200m2) met parking,29314978,Martine,,Brugse Poort - Rooigem,51.05444,3.69854,Entire home/apt,175,2,279,2025-06-09,2.31,1,293,33,
6054825,Bright apt. with free parking and free bicycles,757037,Wim,,Mariakerke,51.07254,3.69211,Entire home/apt,86,2,367,2024-10-24,2.97,1,315,16,
6441548,FoudeGand.be - For Expats & Business Travellers,33631603,Peter,,Binnenstad,51.04678,3.73412,Entire home/apt,113,14,81,2025-04-15,0.70,1,276,5,
6807238,Uniek huisje in tuin centrum Gent,5050531,Bart,,Sluizeken - Tolhuis - Ham,51.06087,3.72955,Entire home/apt,99,2,88,2025-05-11,0.72,1,331,12,
6918908,Private and peaceful studio,10349286,Amanda,,Zwijnaarde,50.99797,3.71587,Entire home/apt,67,2,56,2025-02-22,0.46,1,296,7,
7556348,RENOVATED DUPLEX IN THE CENTRE,3362271,Céline,,Sluizeken - Tolhuis - Ham,51.06423,3.72795,Private room,75,2,272,2025-06-09,2.27,1,337,7,
7568806,Citycentre design app+garage+breakf,39681783,Ben/Barbara,,Binnenstad,51.05852,3.72578,Entire home/apt,106,1,856,2025-06-09,7.10,1,271,106,
7683600,Studio Guarda La Fotografia - Ghent,40352209,Filip,,Binnenstad,51.0516,3.7258,Entire home/apt,109,1,629,2025-06-22,5.33,2,321,74,
7906845,"Complete renovated house, spacious!",7679698,Wim,,Brugse Poort - Rooigem,51.06161,3.69804,Entire home/apt,141,5,87,2025-06-22,0.73,2,161,5,
7906941,"Volledig huis,alle comfort,privacy!",7679698,Wim,,Brugse Poort - Rooigem,51.06162,3.69804,Entire home/apt,140,5,161,2025-05-16,1.35,2,164,11,
7918142,"Peaceful, surrounded by nature & with parking spot",12733830,Jelle,,Brugse Poort - Rooigem,51.05387,3.69125,Entire home/apt,,28,87,2024-01-01,1.21,1,66,0,
8077970,Loft Lien in Gent Centrum,42670243,Herlinde,,Watersportbaan - Ekkergem,51.05264,3.70734,Entire home/apt,,2,81,2025-04-20,0.69,1,0,9,
8299379,Cosy recycled style studio room with easy access,10863659,Bert,,Muide - Meulestede - Afrikalaan,51.05848,3.7389,Entire home/apt,56,3,4,2020-01-02,0.04,1,37,0,
8347942,Spacious loft in the historical centre,39837750,Laurens,,Elisabethbegijnhof - Papegaai,51.05237,3.72016,Entire home/apt,93,3,490,2025-06-07,4.45,1,25,41,
8366610,Sunny & Stylish Loft in the Heart of the Old Town.,20327558,Dirk,,Binnenstad,51.053260803222656,3.7232909202575684,Entire home/apt,122,4,222,2025-06-07,1.87,1,267,29,
8482980,Spacious house with big garden close to the city,24314613,Klaas,,Sint Amandsberg,51.0644,3.75372,Entire home/apt,166,2,3,2025-05-04,0.05,1,205,2,
8744894,Cozy Apartment with Patio by the Water,143141833,Nicole,,Binnenstad,51.05665,3.73258,Entire home/apt,117,2,138,2025-06-09,1.43,1,55,33,
8963647,2 Bedroom apartment centre Ghent,14549050,Wouter,,Elisabethbegijnhof - Papegaai,51.0547,3.71088,Entire home/apt,178,2,81,2024-12-08,0.72,1,174,1,
9024440,Authentic charm in medieval quarter,13037514,Marie-Catherine,,Binnenstad,51.05665,3.72254,Private room,72,1,358,2025-06-23,3.04,1,17,68,
9048939,Breathtaking Views in ❤ of Ghent with Hot Tub,17321727,Bert,,Elisabethbegijnhof - Papegaai,51.05314,3.72057,Entire home/apt,125,3,240,2025-06-09,2.05,1,176,47,
9087777,Fin-de-Siécle room in a Belle-Epoque house,47388258,F,,Dampoort,51.049,3.7453,Private room,43,1,915,2025-06-18,7.79,3,80,68,
9213284,Furnished 2 person apartment for rent in Ghent,25065540,Ram,,Zwijnaarde,51.01242,3.70261,Entire home/apt,53,60,2,2023-11-21,0.03,1,101,0,
9895777,Studio lumineux et confortable,38437518,Catherine,,Stationsbuurt Zuid,51.03602,3.70269,Entire home/apt,78,4,99,2025-06-03,0.87,1,342,15,
10083084,Curiosity room in a Belle-Epoque house,47388258,F,,Dampoort,51.05013,3.74515,Private room,37,1,989,2025-06-21,8.54,3,66,89,
10093174,comfortable charming studio near StPieters station,51792074,Joris,,Stationsbuurt Noord,51.04151,3.70874,Entire home/apt,,14,18,2019-11-13,0.16,1,365,0,
10175227,appartement in herenhuis in historisch centrum,52080636,Wouter,,Elisabethbegijnhof - Papegaai,51.05434,3.7142,Entire home/apt,139,2,215,2025-06-22,5.67,1,190,72,
10201604,Well-situated and Comfortable Home.,1792071,Sabine,,Stationsbuurt Zuid,51.03194,3.72416,Entire home/apt,126,1,560,2025-06-08,4.87,1,307,66,
10325779,Charming old center apartment,53135103,Aris,,Binnenstad,51.0582,3.72109,Entire home/apt,118,1,793,2025-06-10,6.90,3,119,67,
10350818,Old Mansion House Apartment,23333629,Mia,,Binnenstad,51.04422,3.72189,Entire home/apt,,5,95,2025-02-24,0.83,1,0,1,
10831917,Spacious apartment with terrace.,56088666,Lieven,,Sint Amandsberg,51.06125,3.7579,Entire home/apt,86,7,6,2025-04-30,0.05,1,283,1,
11308674,Luxurious suite in the historic centre of Ghent,28517059,Astrid & Gilles,,Binnenstad,51.0564,3.7231,Entire home/apt,142,1,290,2025-06-09,4.98,3,337,16,
11520446,Gezellige kamer,16056459,Line,,Oostakker,51.10639,3.77011,Private room,42,5,47,2025-04-26,0.42,1,197,2,
11538310,"Bright 2 to 4 persons room nearby river ""De Leie""",39312954,Tamara,,Drongen,51.03781,3.66624,Private room,81,2,33,2025-06-01,0.30,2,16,3,
11939475,Appartement on the ground floor with terras,60345129,Imschoot,,Elisabethbegijnhof - Papegaai,51.05253,3.71447,Entire home/apt,78,2,466,2025-06-07,4.18,1,314,60,
12078829,Couch in a shared room,64731047,Ashkan,,Brugse Poort - Rooigem,51.0635694666133,3.6985259390243286,Shared room,33,1,0,,,1,175,0,
12103538,Living The Dream - A Hidden Gem,64426079,Bart,,Binnenstad,51.05424,3.72308,Entire home/apt,490,2,183,2025-06-15,1.64,2,277,20,
12199107,Welcome in our beautiful house,65585483,,,Sluizeken - Tolhuis - Ham,51.06212,3.72779,Private room,65,2,446,2025-06-20,3.98,1,250,43,
12423613,New duplex guesthouse,24194314,Caroline,,Dampoort,51.05547,3.74228,Entire home/apt,82,1,462,2025-06-10,4.21,1,338,61,
12669634,Apartment with sunny terrace!,68837626,Sien,,Muide - Meulestede - Afrikalaan,51.07465,3.72804,Entire home/apt,121,3,37,2025-06-09,2.62,1,127,31,
13093076,"Ruime privé kamer met tuinzicht aan ""De Leie""",39312954,Tamara,,Drongen,51.03911,3.66709,Private room,60,2,49,2025-06-20,0.45,2,16,8,
13289354,"Bright-light apartment, close to the station",74979203,Daan,,Stationsbuurt Noord,51.03898,3.71321,Entire home/apt,82,2,238,2025-06-15,2.17,1,48,34,
13312163,Bright spacious house on top location,75234335,Barbara,,Oud Gentbrugge,51.04294200000001,3.762053430688459,Entire home/apt,165,2,17,2024-10-06,0.67,2,8,3,
13350870,Cozy Home Sharing long term stay w/ 5 housemates,36973722,Luca P.,,Ledeberg,51.03275,3.74679,Private room,13,28,26,2019-09-22,0.24,2,190,0,
13509414,PROSPERITE BOAT,10970631,Mark And Lucia,,Muide - Meulestede - Afrikalaan,51.06529,3.73639,Entire home/apt,,1,137,2025-06-21,1.25,1,0,14,
13537299,hof van spanje 1,45355104,Paul,,Binnenstad,51.05652,3.72711,Entire home/apt,185,2,132,2025-05-31,1.24,2,16,23,
13561939,hof van spanje 2,45355104,Paul,,Binnenstad,51.05659,3.72694,Entire home/apt,206,2,60,2025-05-27,0.57,2,15,2,
13633848,"Cosy, stylish & bright 360° view penthouse",15123546,Tine,,Sluizeken - Tolhuis - Ham,51.06441,3.73017,Entire home/apt,,3,186,2025-05-23,1.72,1,3,17,
13649596,Well situated apartment for 4-6 in centre Ghent,5883895,Annelore,,Macharius - Heirnis,51.0475,3.74428,Entire home/apt,110,60,307,2020-03-09,2.80,9,364,0,
13704632,Historic house in center Gent,15300260,Aron,,Binnenstad,51.05115,3.73138,Entire home/apt,78,5,371,2025-06-15,3.40,1,258,22,
13776154,Spacious & cosy house close to the city centre,27931962,Thomas,,Ledeberg,51.03432,3.74252,Entire home/apt,89,2,205,2025-06-13,1.95,1,84,81,
13818048,Karaktervol hoekhuis in het hart van het Patershol,43371757,Martha,,Binnenstad,51.05902,3.72274,Entire home/apt,94,2,7,2025-06-15,0.06,1,71,1,
13827261,Spacious Top Floor,982271,Ben,,Elisabethbegijnhof - Papegaai,51.05843,3.7181,Private room,90,2,149,2025-06-09,1.37,1,153,20,
13839827,Spacious home with big garden,17882332,Lori,,Oud Gentbrugge,51.04051,3.75582,Entire home/apt,112,2,100,2025-02-09,0.92,1,7,3,
13888897,Designer suite with large tub close to the station,43570873,Peter,,Stationsbuurt Noord,51.038708,3.707811,Entire home/apt,307,2,346,2025-06-09,3.23,2,321,62,
13933543,Duplex apartment on 4th floor,82810716,Kris & Céline,,Binnenstad,51.04984,3.73472,Entire home/apt,62,3,324,2025-06-18,3.09,2,10,13,
14053072,Stylish room in a warmhearted home + city garden,1734521,Klaartje,,Brugse Poort - Rooigem,51.06341,3.70009,Private room,42,2,124,2025-06-01,1.16,1,89,28,
14227218,BnB Renee - bright apartment near station,86455568,Frederik,,Stationsbuurt Noord,51.04135,3.71615,Entire home/apt,90,25,44,2025-06-17,0.41,2,130,4,
14341353,Cozy house with a cat,79412603,Joao,,Gentbrugge,51.031452863526475,3.7627128558197187,Entire home/apt,131,5,0,,,1,206,0,
14417354,"Big trendy loft, free parking, nearby city centre",16289639,Len,,Binnenstad,51.05958,3.72982,Entire home/apt,342,3,185,2025-06-01,1.85,1,204,21,
14831444,Private studio Creativo + free bikes,92767961,Kitty,,Mariakerke,51.07894,3.69134,Private room,72,2,64,2024-08-20,0.61,1,196,2,
14877515,Room & ensuite bathroom near Ghent,93264204,Wim,,Dampoort,51.05066,3.76195,Private room,53,1,556,2025-06-10,5.22,1,233,68,
14928559,Rooftop apartment Ghent (facade works in progress),93854999,Yorick,,Ledeberg,51.03612,3.73679,Entire home/apt,86,45,15,2025-04-01,0.40,1,110,3,
14963441,"Cosy, light vintage design appartment",5883895,Annelore,,Macharius - Heirnis,51.04748,3.7444,Entire home/apt,83,30,154,2024-08-30,1.44,9,192,2,
15079137,Spacious loft right in the center of Ghent,7751611,Benny,,Binnenstad,51.05502127215621,3.7247063153442284,Entire home/apt,120,5,2,2024-04-06,0.09,1,299,0,
15098520,"Design Room ""Olga"" - B&B Graaf.",43889699,Kenzo,,Sluizeken - Tolhuis - Ham,51.05972,3.72093,Private room,134,3,4,2021-02-15,0.05,3,48,0,
15158816,"Flats with a soul, in the heart of Ghent.",96173226,Ingrid,,Binnenstad,51.0545,3.72114,Entire home/apt,126,2,15,2025-02-02,0.14,1,349,3,
15266842,Cosy large room near centre and public transport.,16979747,,,Stationsbuurt Zuid,51.03231,3.71123,Private room,57,2,302,2025-06-09,2.91,1,308,35,
15306836,Cosy room with King size bed,9347190,Annelies,,Dampoort,51.05863,3.74079,Private room,68,3,141,2025-06-23,1.33,1,53,28,
15369537,"Heerlijke, goed uitgeruste studio vlakbij  Gent",64524881,An,,Dampoort,51.04809,3.75294,Entire home/apt,68,2,47,2025-02-09,1.37,1,1,9,
15394665,Enchanting architects' house in the heart of Ghent,15455919,Marlies,,Elisabethbegijnhof - Papegaai,51.0586029,3.7181183,Entire home/apt,180,2,22,2025-05-31,1.46,1,256,13,
15425706,Cosy apartment,24004217,Charlotte,,Sluizeken - Tolhuis - Ham,51.06258649999999,3.7339223,Entire home/apt,81,2,47,2025-06-12,1.99,1,101,18,
15595674,Double room,64317133,Randy,,Bloemekenswijk,51.07091,3.70271,Private room,41,1,252,2025-04-25,2.39,2,5,12,
15654068,Luxury house nearby the centre and station,48494858,Bieke,,Watersportbaan - Ekkergem,51.04211,3.71454,Entire home/apt,,2,10,2023-04-09,0.12,1,0,0,
15925176,Traveller's house:cosy private bed+living+bathroom,9175868,,,Brugse Poort - Rooigem,51.05988,3.69067,Private room,45,5,56,2020-03-08,0.54,1,181,0,
15982644,A cozy room near centre,95076178,Ehsan,,Brugse Poort - Rooigem,51.05846,3.70147,Private room,55,2,37,2025-06-20,2.48,3,259,26,
16436629,cosy home in Ghent near Bruges,17970736,Bernard,,Elisabethbegijnhof - Papegaai,51.05631,3.717,Entire home/apt,179,3,2,2019-06-02,0.02,1,3,0,
16484658,Spacious city centre apartment Ghent city centre,14531718,Frederik,,Elisabethbegijnhof - Papegaai,51.05045,3.71376,Entire home/apt,87,1,227,2025-06-01,2.19,1,95,20,
16684903,Stylish apartment @ heart historic Ghent!,42607614,Catherine,,Binnenstad,51.05741,3.72062,Entire home/apt,305,3,160,2025-05-12,1.60,1,283,17,
16952327,Cosy shared house next to the water,6758108,Ellen,,Bloemekenswijk,51.06964,3.69398,Private room,54,2,40,2025-05-04,0.40,1,87,2,
17026559,Newly renovated private room nearby city center,25384984,Niko,,Sint Amandsberg,51.06468,3.74677,Entire home/apt,81,2,25,2025-02-02,0.26,1,179,2,
17174625,"Cosy, vintage apartment in quiet neighbourhood.",15514726,Sofie,,Oud Gentbrugge,51.03684,3.75858,Entire home/apt,33,3,12,2022-10-15,0.12,1,31,0,
17341843,New modern studio,18156019,Marleen,,Binnenstad,51.03952,3.73842,Entire home/apt,35,30,23,2021-09-18,0.23,1,115,0,
17585223,Deluxe Suite Apartment 6P Lord of Ghent,46082978,Vic,,Binnenstad,51.05364,3.72316,Entire home/apt,285,2,38,2025-06-03,0.38,2,301,6,
18250197,Captains room on Riverboat with riverview,9801533,Maarten,,Brugse Poort - Rooigem,51.05906677246094,3.706373929977417,Entire home/apt,111,1,115,2025-06-13,1.16,3,111,11,
18251661,Sailorsroom on a Riverboat,9801533,Maarten,,Brugse Poort - Rooigem,51.05991,3.70533,Entire home/apt,111,1,57,2025-05-05,0.61,3,121,5,
18291583,Bright room + bathroom in THE HEART OF GHENT <3,36509648,Ibel,,Sluizeken - Tolhuis - Ham,51.06118,3.73369,Private room,75,2,185,2025-06-02,3.49,1,17,41,
18370024,Paparazzo - Ghent (city center),40352209,Filip,,Binnenstad,51.05155,3.72352,Entire home/apt,109,1,375,2025-06-06,4.00,2,312,91,
18555913,Apartment in the centre of Ghent with car park,46127163,Anneke,,Elisabethbegijnhof - Papegaai,51.05125,3.71874,Entire home/apt,122,2,217,2022-08-23,2.22,3,0,0,
18834578,Renovated triplex in the city centre of Ghent,131163319,Halit,,Elisabethbegijnhof - Papegaai,51.0546,3.71124,Entire home/apt,72,2,358,2025-06-01,3.71,1,92,35,
18875514,Private studio near city center,48898791,Joren,,Brugse Poort - Rooigem,51.06027,3.69152,Entire home/apt,80,3,138,2024-11-04,1.44,1,112,7,
18920831,Eve's room Spacious rooftop in Ghent,10881977,Nancy,,Sluizeken - Tolhuis - Ham,51.06408,3.733,Private room,119,2,122,2025-06-22,1.67,1,123,25,
18986082,Unique artist home in the very heart of Ghent.,7553700,Bram,,Elisabethbegijnhof - Papegaai,51.05692,3.71141,Entire home/apt,125,2,152,2024-07-28,1.55,1,273,2,
19149894,Cosy room near the center,133891026,Matti,,Bloemekenswijk,51.06985,3.70764,Private room,44,2,2,2020-08-28,0.03,3,212,0,
19184277,Trendy studio with a terrace,134192357,Nathalie,,Binnenstad,51.04007,3.7377,Entire home/apt,74,2,318,2025-06-20,3.25,2,27,30,
19279395,Cosy studio near the historical center of Gent.,121003233,Hilde,,Rabot  - Blaisantvest,51.06306,3.71534,Entire home/apt,95,2,354,2025-06-22,3.66,2,278,65,
19420706,Cosy house near the city center,133891026,Matti,,Bloemekenswijk,51.07027,3.70568,Entire home/apt,,4,2,2022-07-26,0.06,3,205,0,
19421930,Private room with a terrace,133891026,Matti,,Bloemekenswijk,51.07066,3.70575,Private room,49,2,0,,,3,328,0,
19526484,Modern family house in old beguinage in the center,33514941,Tom,,Elisabethbegijnhof - Papegaai,51.05644,3.70954,Entire home/apt,324,3,34,2025-04-20,0.35,1,171,4,
19649539,Centrally located charming house next to the water,24949144,Ria,,Sluizeken - Tolhuis - Ham,51.06068,3.73013,Entire home/apt,85,10,7,2018-08-13,0.07,1,342,0,
19756985,Soulful large house close to Ghent centre,6056008,Frederik,,Dampoort,51.04883,3.74563,Entire home/apt,,3,5,2024-07-08,0.05,1,0,1,
19809622,Cosy retro house with terrace and garden,32522704,Bart,,Ledeberg,51.03898,3.74526,Entire home/apt,,3,43,2023-11-27,0.45,1,0,0,
19866495,"ruimte voor tent in tuin,  of camper op oprit",40756329,Nina,,Sint Amandsberg,51.07948,3.79513,Private room,36,1,15,2024-08-18,0.16,1,343,1,
19941444,Flat in Gent centrum met terras & gratis parking,46127163,Anneke,,Elisabethbegijnhof - Papegaai,51.05124,3.71806,Entire home/apt,122,2,125,2022-08-02,1.36,3,0,0,
20296857,2 rooms in a shared house,17058027,Jonas,,Rabot  - Blaisantvest,51.0627,3.71079,Private room,,2,34,2023-08-20,0.36,1,0,0,
20614334,Spacious 2 Bedroom App in the Center with Balcony,3356507,Vigan,,Oud Gentbrugge,51.03909,3.74721,Entire home/apt,129,2,121,2025-06-14,3.15,1,179,31,
20842771,Gezinswoning in rustige buurt,35397446,Manon,,Mariakerke,51.07462,3.69849,Entire home/apt,108,7,10,2023-08-11,0.12,1,88,0,
21194829,Bed Resort - Belfort,8651909,Gerald,,Binnenstad,51.05531,3.728,Entire home/apt,75,5,61,2025-06-10,0.67,2,202,12,
21214879,"ATELIER 7
Unique place in city center",29742444,Mattias,,Elisabethbegijnhof - Papegaai,51.04856,3.7168,Entire home/apt,107,5,104,2020-09-03,1.18,1,0,0,
21222837,"Cosy private room in Ghent, Belgium",13589979,Maria,,Brugse Poort - Rooigem,51.05913,3.69948,Private room,56,2,31,2020-02-09,0.33,1,180,0,
21342969,Ghent city guest house_free parking,34274994,Ann-Sophie,,Elisabethbegijnhof - Papegaai,51.0558,3.71266,Entire home/apt,,250,133,2024-01-07,1.43,1,0,0,
21487839,Your Suite Ghent,134192357,Nathalie,,Binnenstad,51.05102,3.73103,Entire home/apt,83,2,402,2025-05-29,4.37,2,56,37,
21767980,Charming duplex in mansion close to city centre.,158599459,Toon En Ingrid,,Elisabethbegijnhof - Papegaai,51.05802,3.71376,Entire home/apt,239,2,254,2025-06-18,2.76,1,197,42,
21907317,"Near the station, free parking",119242405,Daniel,,Drongen,51.04572,3.65239,Private room,56,1,36,2025-03-16,0.39,2,266,1,
21911071,Rap 'n Holiday Home,159867374,Gaby,,Sint Denijs Westrem,51.01537,3.66359,Entire home/apt,,2,9,2024-12-22,0.10,1,0,2,
21941354,Welcome in the world of Salvador Dali,109991056,Léonard En Mercutio,,Binnenstad,51.05151,3.73335,Entire home/apt,129,1,156,2025-05-23,1.69,1,133,9,
22047333,Unique Historic Mill Loft by the River Lys,22753242,Michiel,,Binnenstad,51.05754852294922,3.724699020385742,Entire home/apt,145,4,263,2025-06-16,2.91,1,283,64,
22324768,Espresso suite,13829824,Francis,,Muide - Meulestede - Afrikalaan,51.07107,3.73038,Entire home/apt,50,14,97,2024-04-01,1.09,7,325,0,
22509551,Private charming house+ terrace near Ghent Centre,48181388,Dries,,Ledeberg,51.03434,3.74421,Entire home/apt,113,3,12,2024-05-06,0.15,1,361,0,
22556517,Renovated Studio,2212023,Charlotte,,Sluizeken - Tolhuis - Ham,51.06095,3.71782,Entire home/apt,84,5,19,2025-05-31,1.21,1,34,6,
22679820,Honeymoon Suite (B&B Schopenhauer),83766425,Erik,,Binnenstad,51.05107,3.72115,Private room,103,1,2,2021-12-31,0.04,4,240,0,
22830013,Unieke woonboot in centrum Gent 4 personen,4418772,Nick,,Macharius - Heirnis,51.05061,3.73684,Entire home/apt,,2,420,2024-12-28,4.72,1,0,22,
23001028,Cosy studio at the Opera,110630447,Kristof,,Binnenstad,51.04984,3.72148,Entire home/apt,79,2,492,2025-06-10,5.49,3,11,86,
23298129,"Gustav's House. A trendy spot to work, love & play",67197572,Bert,,Drongen,51.04987,3.66678,Entire home/apt,154,2,295,2025-06-23,3.31,1,272,47,
23460733,Niet beschikbaar voor groepen onder 8 personen.,175061199,Anton,,Watersportbaan - Ekkergem,51.04837,3.70306,Shared room,25,1,84,2025-06-08,0.96,1,314,16,
23500215,Modern appartement met klein terras en parking,46127163,Anneke,,Elisabethbegijnhof - Papegaai,51.05124,3.71806,Entire home/apt,145,2,174,2025-05-11,1.97,3,9,25,
23518039,"Luxury and charming apartment, with terrace and view over towers of Ghent.",24893740,,,Binnenstad,51.05648,3.72591,Entire home/apt,221,2,296,2025-06-24,3.32,2,296,47,
23643843,historisch pakhuis in hartje Gent,69788907,Myriam,,Binnenstad,51.05409,3.72985,Entire home/apt,311,4,196,2025-06-10,2.31,1,239,16,
23837044,Design Apartment with Balcony and View over Ghent Towers,24893740,,,Binnenstad,51.05536,3.7255,Entire home/apt,199,2,305,2025-06-11,3.45,2,253,55,
23837349,Charming garden studio in the historic center,53135103,Aris,,Binnenstad,51.05816,3.72073,Entire home/apt,128,1,803,2025-02-23,9.12,3,142,48,
23935662,Inge's Studio in centre Ghent,72907064,Inge,,Sluizeken - Tolhuis - Ham,51.06074,3.73189,Private room,50,1,177,2025-06-17,2.02,1,52,26,
24069818,"Brand-new, trendy apartment, sublimely located!",81703164,Charlotte,,Sluizeken - Tolhuis - Ham,51.05724,3.7336,Entire home/apt,110,1,8,2019-10-11,0.09,1,26,0,
24331315,@303,183575014,Bernard,,Stationsbuurt Noord,51.03275,3.73138,Entire home/apt,44,3,138,2025-05-21,1.65,2,91,26,
24361777,"A Bright Apartment for Study,Expats,Holidays 80m²",11304146,Kristof,,Brugse Poort - Rooigem,51.05974,3.69761,Entire home/apt,99,88,16,2025-03-15,0.19,4,4,3,
24512050,"Overlook the City's Rooftops at a Bright, Bohemian Haven",185166822,Filip,,Binnenstad,51.04999,3.72655,Entire home/apt,153,2,459,2025-06-22,5.37,1,224,78,
24674787,"Ghent, Spacious house with city-garden",30011531,Alex,,Rabot  - Blaisantvest,51.06272,3.71746,Entire home/apt,194,4,9,2024-08-20,0.12,1,117,1,
24789666,A beautiful & cosy apartment - feels like home,8726103,Bart,,Sluizeken - Tolhuis - Ham,51.06196,3.72267,Entire home/apt,74,2,499,2025-06-12,5.78,1,179,61,
24845257,EXCLUSIVE: Charming Guesthouse in Ghent,115127057,Jan,,Elisabethbegijnhof - Papegaai,51.05894,3.717,Entire home/apt,423,2,228,2025-06-10,2.67,1,270,50,
25069175,Bright Rooftop Studio,11304146,Kristof,,Macharius - Heirnis,51.05475,3.73742,Entire home/apt,34,90,24,2025-04-06,0.29,4,175,7,
25368029,Loft near city centre + free bikes,409541,Sylvie,,Dampoort,51.0547,3.74996,Entire home/apt,104,2,201,2025-06-08,2.36,1,187,24,
25375361,Cute house with little private garden & 2 bicycles,156444018,Wim,,Watersportbaan - Ekkergem,51.0513,3.7058,Entire home/apt,100,2,137,2025-06-22,1.61,1,28,46,
25375952,Prachtig gerenoveerde woning in Centrum Gent,126464999,Stefanie,,Elisabethbegijnhof - Papegaai,51.05215,3.71893,Private room,93,3,1,2023-01-02,0.03,1,179,0,
25853812,Classy penthouse with terrace in the heart of Gent,169991961,Thierry & Inge,,Binnenstad,51.05098,3.72283,Entire home/apt,148,4,115,2025-06-21,1.36,1,147,20,
25970539,Cozy apartment in the historic center,77082543,Hans,,Elisabethbegijnhof - Papegaai,51.048642,3.718163,Entire home/apt,78,1,154,2025-06-08,1.81,1,237,25,
26060834,Momenteel niet beschikbaar (Kamer voor 1 - 4 p.),78369248,Kathleen,,Dampoort,51.04825,3.7577,Private room,90,1,25,2019-01-20,0.29,1,86,0,
26094960,Living The Moment - Your Charming House,64426079,Bart,,Binnenstad,51.05426,3.7312,Entire home/apt,229,2,28,2022-06-20,0.34,2,171,0,
26121271,"B&B Petit Prince, charming room in historic centre",30925639,Polo,,Elisabethbegijnhof - Papegaai,51.05819,3.71388,Hotel room,161,1,49,2025-04-19,0.58,3,121,2,
26161189,"B&B Petit Prince: 1BR, Historic Center near Castle",30925639,Polo,,Elisabethbegijnhof - Papegaai,51.05819,3.71388,Hotel room,173,1,36,2025-05-01,0.42,3,111,6,
26195752,B&B room in historic centre,30925639,Polo,,Elisabethbegijnhof - Papegaai,51.05819,3.71388,Hotel room,162,1,33,2025-04-24,0.39,3,126,4,
26314677,Bij het station van Drongen,119242405,Daniel,,Drongen,51.04697,3.65382,Private room,52,1,36,2025-04-06,0.43,2,267,9,
26389827,Luxe BNB Nest Jacuzzi Room (new from 12/7/18),17971943,Eva,,Rabot  - Blaisantvest,51.06438,3.70712,Hotel room,135,1,192,2025-06-22,2.27,2,281,18,
26390559,Luxe BNB Nest Sauna Room (new from 12/7/18),17971943,Eva,,Bloemekenswijk,51.06527,3.70691,Hotel room,135,1,84,2025-06-09,0.99,2,283,6,
26584876,Gezellig rijhuisje in Gent,186206218,Koen,,Macharius - Heirnis,51.04915,3.74393,Entire home/apt,137,2,29,2025-04-13,0.87,1,356,8,
26689313,Comfy house sharing + bike. Minimum 1 year,36973722,Luca P.,,Ledeberg,51.03127,3.74677,Private room,44,78,1,2018-09-08,0.01,2,296,0,
26712972,Noëlla's Wheelhouse,11037129,Wendy,,Muide - Meulestede - Afrikalaan,51.06545,3.73708,Private room,82,2,256,2025-05-27,3.03,1,199,43,
26743132,Bright master bedroom in Ghent,20229410,Jo,,Sint Amandsberg,51.07144,3.75956,Private room,38,1,76,2025-06-22,0.90,2,153,22,
26746083,Welcome in our beautiful home in Ghent,20229410,Jo,,Sint Amandsberg,51.07325,3.76124,Entire home/apt,323,2,41,2025-06-09,0.49,2,215,11,
26861726,Small room(13m²) downstairs in cosy house in Ghent,5390128,Mieke,,Muide - Meulestede - Afrikalaan,51.07364,3.73335,Private room,75,1,43,2025-05-31,0.58,3,169,17,
27058440,Cosy and private studio near the heart of Ghent,83820574,Tille,,Sluizeken - Tolhuis - Ham,51.06199,3.73386,Entire home/apt,93,3,199,2025-06-09,2.38,1,234,23,
27894287,JOSIE LOFT GENT,35788202,Gerlinde,,Elisabethbegijnhof - Papegaai,51.05538,3.71516,Entire home/apt,136,2,79,2025-06-09,0.97,3,300,15,
27915686,Room with cosy terrace close to city centre,52994548,Stefan,,Dampoort,51.05054,3.75622,Private room,55,2,190,2025-06-16,2.28,2,12,22,
27919390,Family stay in charming house close to city centre,52994548,Stefan,,Dampoort,51.04863,3.7558,Private room,72,4,35,2024-08-09,0.42,2,33,1,
28424935,Duplex Studio E,1328011,Jan,,Elisabethbegijnhof - Papegaai,51.05021,3.71638,Entire home/apt,115,90,10,2024-08-24,0.13,6,146,1,
28471585,"Appartement met parkzicht, vlakbij treinstation",149043669,Barbara,,Stationsbuurt Noord,51.03696,3.71775,Entire home/apt,,2,11,2025-05-04,0.51,1,1,6,
28909657,★Bright & Modern app with view in historic center★,217913633,Marjolein,,Binnenstad,51.05343,3.72158,Entire home/apt,133,3,205,2025-06-08,2.54,1,65,35,
29330456,Luxurious duplex flat,220954208,Johanna,,Stationsbuurt Noord,51.03996,3.71109,Entire home/apt,101,7,13,2023-07-16,0.18,1,172,0,
29606833,La bellétage by agelandkaai(.be) Free Parking,1203507,Jurgen,,Macharius - Heirnis,51.05658,3.73799,Entire home/apt,63,2,417,2025-06-16,5.40,3,160,18,
29871237,Romantic 17th century workers house + free parking,147323902,Rudy,,Elisabethbegijnhof - Papegaai,51.05203,3.71449,Entire home/apt,117,1,196,2025-06-01,2.45,3,289,11,
29919271,Skyline Flats | 2BR Apartment w Balcony City Views,224953054,Viktor,,Muide - Meulestede - Afrikalaan,51.05956,3.73836,Entire home/apt,172,1,67,2025-04-22,0.90,2,73,7,
30033166,Spacious and green architect's house,5889470,Géraldine,,Sint Denijs Westrem,51.017,3.67291,Entire home/apt,,5,2,2024-01-01,0.03,1,62,0,
30152054,A room with parkview for a solo guest,47388258,F,,Dampoort,51.04905,3.74519,Private room,35,1,513,2025-06-22,6.57,3,67,71,
30217010,"Privékamer in B&B DOOR10, suite ' EGO'",27590237,Mieke,,Elisabethbegijnhof - Papegaai,51.05644,3.71003,Hotel room,144,2,15,2025-06-09,0.20,2,48,1,
30217307,"B&B DOOR10. 'ALTER', om je thuis te voelen!",27590237,Mieke,,Elisabethbegijnhof - Papegaai,51.05677,3.71081,Hotel room,126,2,4,2022-11-13,0.06,2,49,0,
30370768,Studio voorhaven Gent,228019929,Martine,,Wondelgem,51.07805,3.72436,Entire home/apt,108,2,62,2025-06-19,0.79,1,226,13,
30387663,In the heart of the Historic Center!,1416398,Aygül,,Binnenstad,51.055149,3.724175,Entire home/apt,270,1,154,2025-06-20,1.95,1,262,19,
30390976,Spacious house with large garden and pool,49238888,Wouter,,Sint Amandsberg,51.07234,3.75269,Entire home/apt,,3,10,2023-07-31,0.13,1,0,0,
30532459,Top appartement met prachtig zicht - Centrum Gent,88357876,Inge,,Elisabethbegijnhof - Papegaai,51.0534,3.7105,Entire home/apt,135,3,31,2025-05-28,1.44,1,162,10,
30546378,Modern Ghent Apartment: Canal View & Terrace,229193277,Matthias,,Bloemekenswijk,51.06736,3.71056,Entire home/apt,116,2,325,2025-06-15,4.09,2,250,51,
30731985,Industrial Minimalist Apartment with Terrace,147323902,Rudy,,Elisabethbegijnhof - Papegaai,51.05154,3.71696,Entire home/apt,118,1,623,2025-06-23,7.84,3,278,79,
31081696,"Ghent, 10 minutes walk to the city center",232212401,Oliver,,Dampoort,51.05436,3.7452,Private room,,2,181,2024-08-29,2.29,1,0,4,
31271368,Authentic city house with a lovely patio,154480666,Bart,,Macharius - Heirnis,51.04701,3.7408,Entire home/apt,226,2,170,2025-05-09,2.20,1,73,24,
31286883,Stylish Studio 'Suite César' in the heart of Ghent,187300878,Katrijn,,Elisabethbegijnhof - Papegaai,51.05859,3.71826,Entire home/apt,75,2,36,2025-05-13,0.46,1,71,2,
31302882,Skyline Flats | 2BR Apartment w Great Balcony View,224953054,Viktor,,Sluizeken - Tolhuis - Ham,51.05927,3.73737,Entire home/apt,159,4,23,2025-05-05,0.32,2,65,5,
31358573,The Green Studio Ghent,36635563,Maël,,Wondelgem,51.07617,3.70909,Entire home/apt,84,1,834,2025-06-21,10.65,3,270,156,
31406655,Casa Mata - City Centre Ghent,142680340,Audrey & Filip,,Macharius - Heirnis,51.05535,3.73818,Entire home/apt,194,3,37,2024-09-22,0.62,1,51,5,
31706246,Beautiful family home with a delightful garden,6648264,Lim And Jan,,Sint Amandsberg,51.07079,3.76221,Entire home/apt,188,3,5,2020-01-04,0.07,1,24,0,
31772747,Cozy Big Room Retreat in Ghent,34821696,Oliver,,Binnenstad,51.0580334,3.7267283,Private room,116,1,91,2025-06-10,2.53,2,176,13,
31875170,"Nini’s entire, bright apartment in Ghent center",9436823,Leonie,,Watersportbaan - Ekkergem,51.05026,3.70851,Entire home/apt,155,3,72,2025-06-10,0.93,1,83,17,
31966965,Casolare Bonifant,63921891,Steven,,Drongen,51.03356,3.67909,Entire home/apt,176,2,47,2025-03-09,0.62,1,58,7,
32184650,Lovely apartment at the Opera House,110630447,Kristof,,Binnenstad,51.04923,3.72178,Entire home/apt,80,2,437,2025-06-09,5.65,3,12,94,
32483372,Ruime en kleurige woning voor interieurliefhebbers,27085623,,,Dampoort,51.04953,3.75071,Entire home/apt,180,3,25,2025-05-06,0.63,1,166,5,
32534916,"Penthouse with sunny terrace, ideal for expats!",5883895,Annelore,,Macharius - Heirnis,51.04925,3.74412,Entire home/apt,84,30,16,2023-09-11,0.22,9,12,0,
32607631,"#Lovely,lux Apt,trendy neighborhood(free parking)#",115756285,Bart,,Sluizeken - Tolhuis - Ham,51.06679,3.73061,Entire home/apt,131,2,64,2025-06-14,1.48,1,269,21,
32665151,privat family home in car-free street,15384096,Charlotte,,Brugse Poort - Rooigem,51.05603,3.69801,Entire home/apt,110,5,20,2025-02-09,0.27,1,14,3,
32808285,Chic Retreat: New Loft near Vibrant Ghent,246803446,Donald,,Oud Gentbrugge,51.0444,3.75161,Entire home/apt,191,2,229,2025-06-16,3.01,10,28,61,
33087142,Appartment in Gent Center. Renovated.,67208812,Annabel,,Binnenstad,51.0457045,3.7300725,Entire home/apt,86,30,5,2024-09-13,0.37,1,221,3,
33205272,"TOP& ruim duplex woning in PATERSHOL,centrum Gent!",250018142,Koen,,Binnenstad,51.05819,3.72323,Entire home/apt,129,2,216,2025-06-15,2.86,1,172,46,
33213373,Villa Leona deluxe with amazing rooftop terrace,250069983,Herbert,,Sint Denijs Westrem,51.02923,3.66676,Entire home/apt,148,2,40,2024-09-01,0.56,2,319,3,
33516922,2 BR app. met terras aan het water. Topligging!,155731800,Peter,,Binnenstad,51.04937,3.72515,Entire home/apt,180,2,22,2024-08-24,0.29,1,21,6,
33628682,Family Townhouse in the City Centre,85785507,Vince,,Elisabethbegijnhof - Papegaai,51.05761,3.71136,Entire home/apt,84,2,304,2025-06-11,4.11,7,148,51,
33629395,Terraced Beauty in Ghent Center,85785507,Vince,,Binnenstad,51.05565,3.72256,Entire home/apt,118,2,305,2025-06-20,4.12,7,132,24,
33983921,Villa Green Ghent: 1-4 guests 1st fl.+2 free bikes,256604449,,,Drongen,51.04832,3.62197,Private room,56,1,43,2025-06-22,0.57,2,329,8,
34176178,A painter's home in Ghent,14033643,Sophie,,Moscou - Vogelhoek,51.02386,3.76001,Private room,44,1,290,2025-06-18,3.87,1,313,69,
34311781,bohemian garden room,11729717,Inge,,Elisabethbegijnhof - Papegaai,51.05099,3.71292,Private room,93,2,115,2025-04-21,1.54,2,72,3,
34387482,L'atique by agelandkaai(.be) Free Parking,1203507,Jurgen,,Macharius - Heirnis,51.056567732878285,3.7378450766137084,Entire home/apt,71,3,101,2024-09-30,1.69,3,151,1,
34396028,Romantic Room 5/min Centre of Ghent w/Free bikes,214080382,Thami,,Macharius - Heirnis,51.04629,3.74067,Entire home/apt,140,1,149,2025-06-20,4.96,1,349,49,
34766513,Gezellig huisje op fietsafstand van Gent,4311500,An,,Sint Amandsberg,51.0768,3.75259,Entire home/apt,78,4,13,2025-06-20,0.18,1,193,10,
34882836,Prachtige penthouse in hartje Gent,133404776,Sven,,Sluizeken - Tolhuis - Ham,51.0671,3.72984,Entire home/apt,118,2,9,2025-03-22,0.13,2,136,3,
34886231,Gezellige Studio in hartje Gent,133404776,Sven,,Sluizeken - Tolhuis - Ham,51.06756,3.72989,Entire home/apt,63,2,3,2025-02-10,0.16,2,97,2,
34935126,Exclusive Ghent Penthouse with Parking,246803446,Donald,,Nieuw Gent - UZ,51.02827,3.7325,Entire home/apt,205,30,129,2025-06-09,1.77,10,278,31,
35076515,Minimalistic House Near Ghent,264225624,Femke,,Mariakerke,51.07812,3.68953,Entire home/apt,148,2,99,2025-06-09,1.36,1,297,26,
35143599,"Maison Etienne, luxurious short stay near Ghent",250069983,Herbert,,Sint Denijs Westrem,51.02978,3.66671,Entire home/apt,148,2,102,2025-05-04,1.40,2,314,17,
35238429,Private room in cosy apartment near city center,100147822,Barbara,,Ledeberg,51.03787,3.73625,Private room,,1,59,2024-08-11,0.81,1,0,10,
35263007,Rose House B&B - Studio,264917270,Galeh,,Sint Denijs Westrem,51.01969,3.69029,Private room,165,1,2,2022-09-28,0.06,3,341,0,
35264383,Rose House B&B - Standard Double Room,264917270,Galeh,,Sint Denijs Westrem,51.01945,3.68984,Private room,130,1,3,2023-07-30,0.07,3,329,0,
35264564,Rose House B&B - Budget Room,264917270,Galeh,,Sint Denijs Westrem,51.02088,3.68897,Private room,125,1,4,2024-06-13,0.07,3,326,0,
35410696,Prachtig ruim appartement in Gent,75272848,Sabrina,,Bloemekenswijk,51.06681,3.71126,Entire home/apt,,2,3,2021-12-23,0.04,1,0,0,
35562009,"Cosy room in   VILLA fietsafs. Gent ,  privé badk.",6976593,Hilde,,Mariakerke,51.07558,3.69193,Private room,55,7,20,2024-12-07,0.28,2,327,4,
35633932,Spacious house full of light,82259606,Griet,,Muide - Meulestede - Afrikalaan,51.0743,3.7292,Entire home/apt,140,3,26,2025-01-02,0.36,1,102,4,
35800034,50/60's vintage BelEtage near city Centre of Ghent,88314026,Samir,,Rabot  - Blaisantvest,51.06154,3.70719,Entire home/apt,,1,5,2022-04-17,0.07,1,0,0,
36126903,Your own 18th century attic in the center of Ghent,53135103,Aris,,Sluizeken - Tolhuis - Ham,51.05923,3.72071,Entire home/apt,108,1,639,2025-06-10,8.78,3,134,83,
36229418,Cosy house in the center of Gent,272490259,Stefaan,,Sluizeken - Tolhuis - Ham,51.06115,3.71624,Entire home/apt,84,2,341,2025-06-19,4.71,1,167,78,
36285608,The Blue Room - 2 guest,272913310,Ayesha,,Brugse Poort - Rooigem,51.06298065185547,3.7000319957733154,Private room,,3,37,2024-11-14,0.51,5,73,1,
36291731,"studio medieval city center at river ""de Leie""",272946154,Guido,,Binnenstad,51.05245,3.72109,Entire home/apt,79,1,447,2025-06-19,6.20,1,266,106,
36437683,The Green Room,272913310,Ayesha,,Brugse Poort - Rooigem,51.06298065185547,3.7000319957733154,Private room,49,3,104,2025-06-01,1.77,5,107,14,
36516126,ROOF TOP STUDIO MET ZICHT OP DE DRIE TORENS,1864346,,,Sluizeken - Tolhuis - Ham,51.06448,3.72685,Entire home/apt,76,4,47,2025-05-31,0.67,1,334,9,
36679101,sunny townhouse in Gent,10165213,Tom,,Watersportbaan - Ekkergem,51.05055,3.70634,Private room,83,2,126,2025-06-22,1.76,1,320,27,
36830912,"Big & artistic house-cool garden, 15´ center Ghent",20799688,Sarah,,Brugse Poort - Rooigem,51.06636,3.69732,Entire home/apt,,2,44,2024-08-26,0.66,1,0,4,
36873204,"Luxurious sunny apartment, ideal for expats!",5883895,Annelore,,Macharius - Heirnis,51.04733,3.74435,Entire home/apt,114,30,1,2024-01-06,0.06,9,21,0,
36902220,Modern apartment close to Flanders Expo,218641024,Roger,,Sint Denijs Westrem,51.03063,3.69082,Entire home/apt,100,3,174,2025-06-09,2.47,1,261,42,
36958475,Large private room on ground level in city center,20694031,Dimitri,,Elisabethbegijnhof - Papegaai,51.05643,3.71483,Private room,65,2,33,2024-09-06,0.46,2,30,1,
36998317,Big and beautiful house at Citadelpark,277634214,,,Stationsbuurt Noord,51.04055,3.71844,Entire home/apt,245,3,178,2025-06-16,2.52,3,85,40,
37078301,Loft boat 'The Panter',98220970,Nicolas,,Muide - Meulestede - Afrikalaan,51.07423,3.72875,Entire home/apt,126,2,175,2025-05-31,2.46,1,102,36,
37172815,"studio met dubbel bed, kitchenette, privé badkamer",277207975,Viki,,Dampoort,51.04806,3.74817,Entire home/apt,69,2,152,2025-06-15,2.12,1,199,21,
37243655,Classy Apartment in City Center with Large Balcony,280394189,Jan,,Binnenstad,51.04634,3.73159,Entire home/apt,211,2,119,2025-06-09,1.68,1,294,16,
37435966,"Large clean room, quiet area, 4 km to city centre",274154183,,,Sint Amandsberg,51.07276,3.75557,Private room,38,2,141,2025-06-20,1.97,1,64,26,
37619980,Salt & Pepper Ghent,284220349,Ellen,,Binnenstad,51.05341,3.73173,Entire home/apt,145,2,128,2025-05-05,1.80,1,206,9,
37778964,Keizerpark house,14393272,Camila,,Oud Gentbrugge,51.04334909195059,3.7453917413949966,Entire home/apt,67,2,5,2025-03-01,0.73,2,245,5,
37846290,Junior Suite Apartment 4P Lord of Ghent,46082978,Vic,,Binnenstad,51.05225,3.72516,Entire home/apt,276,1,2,2022-07-25,0.03,2,305,0,
37885207,Luxurious room : Only longstays accepted,44367636,Louiza,,Binnenstad,51.05464,3.72769,Private room,28,20,4,2020-03-29,0.06,2,114,0,
37886518,Luxurious room: only long-stays accepted,44367636,Louiza,,Binnenstad,51.05586,3.72794,Private room,87,30,1,2025-04-02,0.36,2,139,1,
38062257,Cosy home with garden in Ghent,164444014,Koen,,Dampoort,51.05484,3.75082,Entire home/apt,102,4,13,2025-06-01,0.62,1,3,12,
38251780,LucMoon BnB Ledeberg,193703180,Luc,,Ledeberg,51.03548,3.74414,Private room,109,30,16,2021-05-15,0.23,3,364,0,
38289776,LucMoon BnB Ledeberg 4,193703180,Luc,,Ledeberg,51.03504,3.74292,Private room,100,30,1,2019-11-03,0.01,3,364,0,
38320217,LucMoon BnB Ledeberg 3,193703180,Luc,,Ledeberg,51.03561,3.7441,Private room,60,30,1,2019-11-24,0.01,3,364,0,
38344954,Master Bedroom in Ghent (8 min. from center),291794534,Nadine,,Wondelgem,51.06991,3.72814,Private room,48,2,135,2025-06-22,1.99,2,145,23,
38345272,Cozy Bedroom in Ghent (8 min. from center),291794534,Nadine,,Sluizeken - Tolhuis - Ham,51.06857,3.72943,Private room,48,2,126,2025-05-20,1.86,2,148,15,
38506115,Ghent - the place to be The Cactus Room,272913310,Ayesha,,Brugse Poort - Rooigem,51.06294250488281,3.699800968170166,Private room,48,3,4,2025-05-03,0.06,5,24,1,
38563377,Loft attic with roof terrace and small pool,42959643,Greta,,Oud Gentbrugge,51.04426,3.7458,Entire home/apt,88,2,90,2025-06-08,2.58,1,13,27,
38611254,Artist's Loft,83766425,Erik,,Elisabethbegijnhof - Papegaai,51.0474,3.7189,Entire home/apt,140,2,3,2025-06-03,0.10,4,363,2,
38779697,The Future House 2.0 Apt 101,3438311,Andre,,Wondelgem,51.09281921386719,3.716136932373047,Entire home/apt,145,7,25,2024-10-24,0.37,4,201,3,
38813297,"M/S Carpe-Diem ""Cargo Hold"" - Loft on a Barge",49858029,Filip,,Muide - Meulestede - Afrikalaan,51.06409,3.73794,Entire home/apt,153,4,32,2024-09-08,0.48,1,0,5,
39001927,Cheerful 3-bedroom townhouse.,2688943,Nosheen,,Ledeberg,51.03643,3.74243,Entire home/apt,225,2,1,2023-05-21,0.04,3,341,0,
39119293,Modern Spacious Apartment in Ghent's Vibrant Heart,85785507,Vince,,Binnenstad,51.05565,3.72265,Entire home/apt,128,2,171,2025-04-10,2.49,7,135,22,
39125548,Unique Duplex with Urban Terrace,85785507,Vince,,Binnenstad,51.05565,3.72256,Entire home/apt,118,2,219,2025-06-15,3.19,7,126,47,
39305216,Shelter7 - a unique retreat in Ghent,86368262,Vincent,,Binnenstad,51.05268,3.72405,Entire home/apt,212,2,170,2025-06-18,2.46,6,276,25,
39495089,Studio Black Cat — Ghent downtown,60649412,Pieter,,Binnenstad,51.04275,3.73931,Entire home/apt,70,2,209,2025-06-09,3.03,1,245,60,
39550902,The Future House 2.0 Apt 201,3438311,Andre,,Wondelgem,51.09300231933594,3.716053009033203,Entire home/apt,145,7,14,2025-05-31,0.24,4,181,2,
39600517,House in landscaped park and 12th century canal,3438311,Andre,,Wondelgem,51.09288,3.71678,Entire home/apt,145,7,41,2025-05-30,0.75,4,265,6,
39909772,Spacious house with garden,7852111,,,Sint Amandsberg,51.07631,3.75878,Entire home/apt,,2,25,2023-12-29,0.37,1,0,0,
40333095,Your Luxury Home Away from Home 2,20723524,Peter,,Stationsbuurt Zuid,51.03262,3.70933,Entire home/apt,280,3,50,2025-06-09,0.74,2,136,23,
40399085,Sweet romantic room in a big beautiful house ♥️,12489130,Inbar,,Mariakerke,51.07137,3.68214,Private room,43,1,242,2025-06-01,3.57,1,2,40,
40461241,White bungalow,10845257,Jana,,Drongen,51.04453,3.66988,Entire home/apt,180,5,4,2024-08-18,0.36,1,17,4,
40548693,Bedroom in quite house at old town Ghent,286578769,Tim,,Rabot  - Blaisantvest,51.06189,3.71176,Private room,53,7,0,,,2,62,0,
40552386,Large bedroom on top floor - old town Ghent,286578769,Tim,,Rabot  - Blaisantvest,51.06105,3.71182,Private room,59,4,1,2020-07-28,0.02,2,62,0,
40865827,Bright studio close to the city center,49952367,Ine,,Dampoort,51.05661,3.74095,Entire home/apt,,3,159,2025-06-06,2.38,1,0,29,
40979581,"New duplex in center of Gent, ideal for expats!",5883895,Annelore,,Watersportbaan - Ekkergem,51.05378,3.70561,Entire home/apt,74,4,33,2025-03-02,0.60,9,3,5,
41023783,Private bedroom in Art (D)eco apartment.,12898908,Jorid,,Sint Amandsberg,51.06446,3.75361,Private room,33,2,48,2025-06-21,1.28,1,113,18,
41206964,Cosy room in the green neighbourhood of Gent,167814774,Priyanka,,Mariakerke,51.08208,3.68402,Private room,48,1,48,2025-06-15,0.73,2,30,20,
41533435,Kleine studio 15min te voet naar stad,139715560,Erick,,Gentbrugge,51.03977,3.77015,Entire home/apt,88,1,1,2020-02-16,0.02,3,297,0,
41762765,The Blue Room - 1 guests,272913310,Ayesha,,Brugse Poort - Rooigem,51.06298065185547,3.7000319957733154,Private room,57,3,37,2025-06-18,0.64,5,47,14,
41851198,Lichtrijke kamer vlakbij de oude wijk Patershol.,58086147,Kurt,,Sluizeken - Tolhuis - Ham,51.06377,3.72537,Private room,76,2,164,2025-06-08,2.50,1,51,30,
41859450,New hotspot in Gent centre!!!,123920724,Bernard,,Binnenstad,51.05792,3.7312,Entire home/apt,100,2,46,2025-06-09,0.70,1,140,8,
41895950,DoK9 bed en ontbijt met zicht op het water,32404528,Dirk,,Sluizeken - Tolhuis - Ham,51.061735,3.735649099999999,Private room,80,2,0,,,1,135,0,
41903012,House Mathilde,59896039,Mathilde,,Ledeberg,51.03351,3.74284,Entire home/apt,369,3,3,2025-02-03,0.17,1,22,2,
41921149,JunoBoat floating  accommodation on the water,193583328,Elien,,Binnenstad,51.03833,3.73027,Entire home/apt,263,2,90,2025-05-18,1.50,1,248,24,
41931884,TIJDELIJKE HUISVESTING expats,325545507,Jody,,Sint Denijs Westrem,51.02084,3.66349,Entire home/apt,,7,0,,,2,154,0,
42013763,Be our next Guest in Ghent,332890513,Dieter,,Mariakerke,51.08599,3.68904,Private room,73,1,71,2025-06-08,1.60,1,84,22,
42137632,Mixed Dorm Big - 12P,302575819,Matilde,,Brugse Poort - Rooigem,51.06281,3.70153,Shared room,37,1,68,2025-02-21,1.05,11,302,16,
42137651,Mixed dorm small - 5p,302575819,Matilde,,Elisabethbegijnhof - Papegaai,51.0536,3.71779,Shared room,39,1,165,2025-06-06,2.54,11,287,43,
42137793,Mini caravan,302575819,Matilde,,Brugse Poort - Rooigem,51.06269,3.70301,Private room,,1,22,2024-06-26,0.34,11,255,1,
42137828,Up caravan,302575819,Matilde,,Brugse Poort - Rooigem,51.06252,3.7025,Private room,,1,21,2024-05-10,0.35,11,261,0,
42137884,Hawaii caravan,302575819,Matilde,,Brugse Poort - Rooigem,51.06137,3.70308,Private room,,1,3,2022-08-16,0.06,11,258,0,
42137927,Retro caravan,302575819,Matilde,,Brugse Poort - Rooigem,51.06128,3.7032,Private room,,1,14,2023-09-10,0.23,11,252,0,
42138387,Birdsnest,302575819,Matilde,,Brugse Poort - Rooigem,51.06112,3.70113,Private room,,1,6,2023-09-04,0.13,11,269,0,
42138457,Zen caravan,302575819,Matilde,,Brugse Poort - Rooigem,51.06245,3.70288,Private room,,1,4,2025-02-04,0.08,11,257,2,
42138495,Beach caravan,302575819,Matilde,,Elisabethbegijnhof - Papegaai,51.05362,3.71829,Private room,137,1,8,2025-03-05,0.22,11,273,3,
42138512,Betty caravan,302575819,Matilde,,Brugse Poort - Rooigem,51.06091,3.70125,Private room,,1,1,2022-06-14,0.03,11,247,0,
42138545,Jungle room,302575819,Matilde,,Brugse Poort - Rooigem,51.06092,3.70281,Private room,,1,17,2024-10-31,0.28,11,270,2,
42250777,gezellige kamer in ruime flat met kat,15610277,Julie,,Binnenstad,51.04431,3.73534,Private room,77,2,139,2025-06-11,2.77,1,28,29,
42333093,Tranquil Urban Escape: 2-BDR Retreat in Ghent,85785507,Vince,,Zwijnaarde,50.99941,3.71031,Entire home/apt,76,2,199,2025-05-25,3.10,7,140,20,
42531682,"Heaven@11, a jewel among other historic buildings!",7258638,Ina,,Binnenstad,51.05764,3.72266,Entire home/apt,156,7,12,2024-05-06,0.20,2,22,0,
42823236,★ Lovely stylish penthouse  w A/C near centre ★,341071889,Kit Teng,,Macharius - Heirnis,51.0527,3.73796,Entire home/apt,101,2,52,2025-06-20,0.87,3,178,7,
42824809,Cozy stay in the Historic centre of Ghent,28517059,Astrid & Gilles,,Binnenstad,51.05643,3.72302,Entire home/apt,143,1,264,2025-06-04,4.53,3,354,8,
42825215,Comfortable apartment i.t. centre of Ghent,28517059,Astrid & Gilles,,Binnenstad,51.05638,3.72307,Entire home/apt,148,1,200,2025-05-29,3.44,3,353,20,
42826387,Studio Lupo - sleep on the water,67205029,Axel,,Sluizeken - Tolhuis - Ham,51.06426,3.73519,Entire home/apt,80,1,268,2025-06-09,4.37,1,306,65,
43044239,Romy&Travis | Accommodatie in historisch centrum,342634917,Romy&Travis,,Elisabethbegijnhof - Papegaai,51.04954,3.71807,Entire home/apt,86,2,277,2024-03-14,4.57,1,284,0,
43152461,Villa Brutalisma* Famed Architect! Nature @ Gent,5077877,Frauke,,Sint Amandsberg,51.06484,3.77635,Entire home/apt,253,3,19,2024-07-29,0.40,3,134,1,
43218716,Spacious studio near Ghent,46210588,Marlies,,Oud Gentbrugge,51.03651,3.7596,Private room,,1,74,2024-07-27,1.22,1,0,8,
43324990,Sleeping on a boat - Ecohostel,345026150,Liselot,,Rabot  - Blaisantvest,51.06106,3.70493,Entire home/apt,450,2,96,2025-05-18,1.59,1,299,16,
43458159,spacious loft in the quiet outskirts of Ghent,268842235,Thijs,,Bloemekenswijk,51.07466,3.70725,Entire home/apt,68,1,483,2025-06-10,8.02,1,256,109,
43521263,Camping with your own tent in a private wood,256604449,,,Drongen,51.04807,3.62211,Private room,,1,2,2022-07-03,0.04,2,244,0,
43523807,The Green Attic Ghent,36635563,Maël,,Wondelgem,51.07661,3.70982,Entire home/apt,78,1,975,2025-06-22,15.85,3,288,179,
43535570,Unique experience - spacious boathouse near center,12546310,Lies,,Muide - Meulestede - Afrikalaan,51.06046,3.73847,Entire home/apt,99,2,213,2025-06-08,3.53,1,42,39,
43633708,Luxury Coach House -3 rooms- Romantic City Garden,298538968,Alix,,Stationsbuurt Noord,51.04008,3.71474,Entire home/apt,319,2,2,2024-09-22,0.04,4,302,1,
43690678,Groovy Attic,348887597,Ludo En Liesbet,,Binnenstad,51.05131,3.73283,Entire home/apt,60,2,90,2024-09-01,1.48,4,30,13,
43721397,The City: Perfect voor korte en lange verblijven!,11622498,Anja,,Elisabethbegijnhof - Papegaai,51.0506,3.71649,Entire home/apt,134,2,6,2023-09-18,0.16,1,259,0,
43781673,Design waterfront apartment in central Ghent,22956043,Sybil,,Macharius - Heirnis,51.0446,3.73992,Private room,,3,11,2022-12-05,0.23,1,0,0,
43831130,Renovated town house-2nd floor apartment,9739654,Charlotte,,Stationsbuurt Noord,51.03833789999999,3.7175145,Private room,180,1,0,,,1,177,0,
43852398,★Lovely bright apartment (4p) w A/C near centre★,341071889,Kit Teng,,Macharius - Heirnis,51.0515,3.7382,Entire home/apt,122,2,73,2025-05-30,1.21,3,177,13,
43925228,"Gent, een kleine maar charmante vakantiewoning",27785737,Griet,,Stationsbuurt Noord,51.03364,3.72024,Entire home/apt,85,5,49,2025-04-15,0.98,1,11,16,
44002199,Cosy room,139998494,Wilson,,Ledeberg,51.03615,3.74546,Private room,29,1,3,2020-07-29,0.05,1,175,0,
44098661,Slaapkamer + badkamer,93721669,Louis,,Macharius - Heirnis,51.05045,3.74264,Private room,84,2,3,2025-06-01,1.38,1,335,3,
44107846,Romy&Travis | Bright 'n Blue in Ghent,120203973,Romy&Travis,,Elisabethbegijnhof - Papegaai,51.0504,3.71827,Entire home/apt,86,2,267,2025-04-23,4.42,2,305,15,
44174475,"Uniek en modern appartement, dichtbij Gent",68264199,Jo,,Zwijnaarde,51.00047,3.71571,Entire home/apt,65,6,7,2022-08-31,0.12,1,42,0,
44180302,★Lovely gorgeous duplex  w A/C near centre★,341071889,Kit Teng,,Macharius - Heirnis,51.05241,3.73703,Entire home/apt,286,2,60,2025-04-06,1.21,3,165,8,
44485868,Romy&Travis | Cozy studio in the Historic Centre,120203973,Romy&Travis,,Elisabethbegijnhof - Papegaai,51.05116,3.71774,Entire home/apt,74,2,288,2025-06-07,4.84,2,355,29,
44575274,The green oasis - Luminous spacious + free parking,5981363,Wendy,,Bloemekenswijk,51.06839,3.70823,Entire home/apt,64,60,56,2024-06-10,0.95,1,268,0,
44897852,Houseboat Orfeo,80420289,Orfeo,,Brugse Poort - Rooigem,51.06131,3.70341,Private room,,1,79,2025-04-27,1.66,1,61,23,
44989475,Upscale residence with private pool,363069688,Nathalia,,Drongen,51.03114,3.59178,Entire home/apt,247,29,73,2025-02-02,1.26,1,267,4,
45075291,"Quiet, luxury apartment near Gravensteen Castle",54994195,Sara,,Binnenstad,51.057102,3.721708,Entire home/apt,206,2,103,2025-04-28,1.79,2,103,15,
45110704,Quiet and cosy appartment close to city center,150161209,Anaïs,,Dampoort,51.049190521240234,3.7506470680236816,Entire home/apt,100,1,90,2025-05-05,2.96,1,310,11,
45130133,Designer Ghent Apt - Prime Location for 4 Guests,364455800,Lien,,Binnenstad,51.05611,3.72637,Entire home/apt,93,2,158,2025-06-15,2.99,3,316,39,
45144672,@303 room2,183575014,Bernard,,Stationsbuurt Noord,51.03224,3.72985,Private room,36,3,111,2025-06-09,1.91,2,310,46,
45237545,Peaceful countryside studio close to Ghent,152299817,Kristof,,Drongen,51.06161,3.62195,Private room,80,2,181,2025-06-15,3.12,2,233,46,
45307042,Room in historical B&B at railway station in Ghent,20827445,,,Stationsbuurt Noord,51.03642,3.71662,Private room,163,1,19,2024-09-22,0.33,3,18,2,
45307802,Trietje,19054548,Ly,,Brugse Poort - Rooigem,51.0666,3.69778,Entire home/apt,194,6,2,2024-11-30,0.12,2,245,1,
45307933,Room in historical B&B at railway station in Ghent,20827445,,,Stationsbuurt Noord,51.03546,3.71654,Private room,147,1,24,2025-05-02,0.80,3,273,3,
45308116,Room in historical B&B at railway station in Ghent,20827445,,,Stationsbuurt Noord,51.03573,3.71658,Private room,147,1,8,2023-10-15,0.20,3,213,0,
45348222,Mooie studio met badkamer en keuken vlakbij Gent,46960168,Matthias,,Sint Amandsberg,51.06761,3.75411,Private room,60,7,22,2025-02-28,0.44,1,227,3,
45416541,GLORIA LOFT GENT,35788202,Gerlinde,,Elisabethbegijnhof - Papegaai,51.05717,3.71494,Entire home/apt,198,2,82,2025-04-23,1.43,3,301,7,
45522653,"Prime Ghent Location, Stylish Duplex, 5pax",364455800,Lien,,Binnenstad,51.05416,3.725,Entire home/apt,95,2,246,2025-05-23,4.26,3,304,53,
45585648,Romantic room with view of the Opera House,110630447,Kristof,,Binnenstad,51.05013,3.72209,Private room,82,1,514,2025-06-10,8.93,3,16,149,
45588312,The Pink Room,272913310,Ayesha,,Brugse Poort - Rooigem,51.06298065185547,3.7000319957733154,Private room,51,3,88,2025-06-17,1.53,5,105,19,
45643299,VerneDreams : Shanghai Suite,86368262,Vincent,,Binnenstad,51.05423,3.73103,Private room,130,1,80,2025-04-17,1.39,6,328,12,
45704924,Cosy room nearby historical center with garden,28090906,Colin,,Ledeberg,51.03939,3.74374,Private room,,5,16,2025-03-31,0.30,1,0,2,
45763899,studio near Gent in green environment with balcony,5496119,Kaat,,Zwijnaarde,51.00623,3.70399,Entire home/apt,59,6,81,2025-06-13,1.42,1,190,15,
45935514,Gloednieuw Appartement in Historisch Centrum Gent,24188020,Paul,,Binnenstad,51.05527,3.72879,Entire home/apt,104,2,88,2025-06-09,2.04,1,160,17,
45938880,Room 'Emile' - B&B Graaf.,43889699,Kenzo,,Elisabethbegijnhof - Papegaai,51.05357,3.71847,Private room,134,3,7,2024-04-10,0.13,3,44,0,
45938885,"Design Room ""Margriet"" - B&B Graaf.",43889699,Kenzo,,Sluizeken - Tolhuis - Ham,51.05868,3.72054,Private room,129,3,2,2021-01-05,0.04,3,49,0,
46119402,guest room with private parking in center of Ghent,373764800,Marieke,,Elisabethbegijnhof - Papegaai,51.04967,3.71755,Private room,,1,494,2025-03-20,8.77,1,21,85,
46562904,Charming guest house in the back of a garden.,47206680,Joris,,Dampoort,51.05195,3.74448,Entire home/apt,210,5,75,2025-06-09,1.46,1,127,22,
46767733,VerneDreams : Oxford Suite,86368262,Vincent,,Binnenstad,51.05342,3.73079,Entire home/apt,118,1,136,2025-05-16,2.46,6,332,16,
47556474,Studio with private parking 1 minute from UZ Gent,91955915,Céline,,Nieuw Gent - UZ,51.02521,3.73409,Entire home/apt,45,6,79,2025-06-02,1.47,1,281,13,
47595457,"City house, completely equipped - 3 bedrooms",64317133,Randy,,Bloemekenswijk,51.07091,3.70932,Entire home/apt,97,3,172,2025-06-21,3.37,2,64,53,
48108519,"""Desk till Dawn""",25642723,David,,Dampoort,51.05101630459933,3.7527828301852066,Entire home/apt,242,2,27,2025-06-15,0.54,1,25,6,
48194074,Gezellig rijhuis in Gent met terras,5868300,Hendrikje,,Ledeberg,51.03327,3.74615,Entire home/apt,130,2,6,2024-08-15,0.17,1,266,3,
48353769,Appartment Keizerpark,14393272,Camila,,Oud Gentbrugge,51.04225,3.74611,Entire home/apt,71,3,16,2024-05-22,0.35,2,233,0,
48468158,Casa Violetta,82810716,Kris & Céline,,Binnenstad,51.04909,3.73335,Entire home/apt,117,1,127,2025-06-09,2.84,2,261,48,
48604500,A beautiful and quiet haven,3204168,Tom,,Sluizeken - Tolhuis - Ham,51.05941,3.73152,Entire home/apt,255,2,25,2025-04-09,0.49,1,147,1,
48609851,"2 bedrooms with Riverview, Homegym & paid parking",392149448,,,Muide - Meulestede - Afrikalaan,51.06318,3.73637,Entire home/apt,286,2,14,2025-04-06,0.27,1,36,1,
48620344,"Cosy studio in the center of Ghent, 2 people",368423830,Margaux,,Binnenstad,51.04871,3.7283,Entire home/apt,85,3,208,2025-06-21,4.05,1,198,44,
48823528,Moderne studio met parking en tuin centrum Gent,17830474,Annelies,,Elisabethbegijnhof - Papegaai,51.0488,3.71926,Entire home/apt,86,3,72,2025-06-13,1.51,2,4,27,
49136989,Boatie's * Bed bad boot,31377738,Lore,,Ledeberg,51.03496,3.73391,Private room,85,3,21,2025-06-01,0.42,2,245,4,
49168413,Zonnige kamer met terras vlakbij centrum Gent,68389279,Sofie,,Sluizeken - Tolhuis - Ham,51.06209,3.71698,Private room,,2,2,2024-06-20,0.16,1,0,0,
49202939,Charming studio 300m from Gent St Pieters Station,45533549,Tanguy,,Stationsbuurt Noord,51.035,3.71648,Entire home/apt,60,28,16,2025-04-20,0.34,1,332,4,
49482572,Cozy 3 bedroom house with sunny terrace,30637459,Alice,,Oud Gentbrugge,51.03751,3.75214,Entire home/apt,130,14,80,2024-09-01,1.98,1,220,4,
49711846,Penthouse with a Big Terrace close to the Center!,53142300,Dorothy,,Stationsbuurt Noord,51.03524,3.71629,Entire home/apt,,1,49,2025-05-31,0.99,4,0,4,
49753013,spacious room in an old monastery in the city,5456443,Ruth,,Watersportbaan - Ekkergem,51.0513,3.70498,Private room,73,2,40,2025-06-09,0.99,2,10,7,
49884179,Maison Majorelle,13829824,Francis,,Muide - Meulestede - Afrikalaan,51.07145,3.72921,Entire home/apt,84,5,31,2025-05-16,0.63,7,289,6,
49937912,'tBegijnhof,279714028,Aylin,,Elisabethbegijnhof - Papegaai,51.05657,3.7113,Entire home/apt,128,1,94,2025-06-04,1.89,1,60,12,
50226715,Just my house.,405432381,Kim,,Wondelgem,51.078,3.71107,Entire home/apt,150,7,21,2025-06-01,0.46,1,34,10,
50257540,Sunny Rooftop Apartment – Center of Ghent!,130903323,Joris,,Rabot  - Blaisantvest,51.05754,3.71046,Entire home/apt,115,1,29,2024-09-01,2.21,1,45,22,
50261707,Gezellig verblijf in art deco sfeer incl. parking.,282306861,Caroline,,Gentbrugge,51.03012,3.76812,Entire home/apt,107,3,64,2025-06-01,1.36,1,22,14,
50334330,Recently renovated mini-mansion in Ghent.,16286633,Kimberly,,Sint Amandsberg,51.05906,3.75014,Private room,62,2,94,2025-06-01,1.97,1,92,29,
50562317,Perfect Studio for a short stay in Gent,5883895,Annelore,,Watersportbaan - Ekkergem,51.05337,3.70412,Entire home/apt,62,30,15,2025-05-31,0.31,9,237,6,
50568612,gezellige duplex studio met dakterras,63939674,Esther,,Sluizeken - Tolhuis - Ham,51.06498,3.73193,Entire home/apt,117,2,45,2025-01-01,0.95,1,303,6,
50591349,"Cozy, spacious house & terrace in the city center",15955583,Judith,,Binnenstad,51.04447,3.73712,Entire home/apt,,4,1,2025-03-03,0.26,1,0,1,
50691105,Guesthouse with natural vibe - bikes included,409632365,Lien,,Mariakerke,51.07696,3.69857,Entire home/apt,73,1,218,2025-06-22,6.77,1,210,105,
50722819,Showroom appartement in Ghent,23034433,Hans,,Macharius - Heirnis,51.05012,3.73872,Entire home/apt,109,2,98,2025-06-01,2.05,1,83,20,
50910151,VerneDreams: Berlin Luxury Room,86368262,Vincent,,Binnenstad,51.05388,3.72937,Private room,90,1,150,2025-04-26,3.13,6,312,24,
50924795,Gezellige plek aan de rand van Gent,164757870,Bert,,Oud Gentbrugge,51.03657,3.75869,Private room,49,1,76,2025-06-13,2.35,2,15,41,
50990453,Cosy gypsy wagon in our garden,390342848,Cleo,,Oud Gentbrugge,51.03778,3.7594,Private room,50,2,88,2025-06-06,1.84,1,156,24,
51007977,Lovely bright room with double bed near centre,412643939,Billy,,Stationsbuurt Noord,51.03584,3.72807,Private room,61,2,172,2025-05-26,3.60,3,59,45,
51022259,Full apartment near Sint Pieters Station,97573561,Haider,,Stationsbuurt Noord,51.041,3.70833,Entire home/apt,42,21,1,2021-08-02,0.02,1,42,0,
51032834,Gezellige privéloft in centrum Gent,30517937,Eline,,Elisabethbegijnhof - Papegaai,51.04996,3.71763,Private room,79,1,211,2025-06-22,5.33,1,45,42,
51061671,Comfortable spacious bedroom near shops & uni,412643939,Billy,,Stationsbuurt Noord,51.03674,3.72706,Private room,63,2,175,2025-06-17,3.67,3,67,60,
51237606,Le Petit Bordeleau,13829824,Francis,,Wondelgem,51.08199,3.72592,Entire home/apt,115,2,139,2025-06-08,2.92,7,341,36,
51320363,Classic double room in charming coach house - romantic city garden,298538968,Alix,,Stationsbuurt Noord,51.03939,3.71553,Private room,144,1,2,2022-07-10,0.05,4,275,0,
51336264,Deluxe Double Room in luxury coach house - romantic city garden,298538968,Alix,,Stationsbuurt Noord,51.03986,3.71692,Private room,157,1,1,2022-02-24,0.02,4,296,0,
51336471,Suite double room in charming coach house,298538968,Alix,,Stationsbuurt Noord,51.03797,3.7149,Private room,189,1,2,2023-07-06,0.08,4,326,0,
51345824,Ghentmade loft,348887597,Ludo En Liesbet,,Binnenstad,51.05165,3.73131,Entire home/apt,106,2,31,2024-09-01,0.66,4,30,9,
51576367,Luxurious & authentic 18th century Ghent mansion,417818621,Brian,,Elisabethbegijnhof - Papegaai,51.05616,3.71194,Private room,93,1,571,2025-06-19,12.57,2,271,79,
51614976,"Privé kamer - Gent Dampoort
Private room - Ghent",418130187,,,Dampoort,51.05327,3.74947,Private room,,1,59,2024-07-28,1.28,1,0,2,
51655826,Modern ruim appartement direct aan station Gent SP,114360415,Laurens,,Stationsbuurt Noord,51.037552,3.708186,Entire home/apt,113,2,106,2025-06-09,2.33,1,70,34,
51688910,Romantic Rooftop Loft with Fireplace,418756270,Simon,,Macharius - Heirnis,51.05502,3.73851,Entire home/apt,57,1,445,2025-06-17,9.93,2,111,123,
51719762,Design appartment in historic building anno '1893',25401446,Peter,,Binnenstad,51.050911,3.727689,Entire home/apt,259,3,45,2025-05-31,0.99,1,294,14,
51884213,Schitterend nieuwbouw appartement in Gent,196535693,Wim,,Binnenstad,51.0437,3.73548,Entire home/apt,112,22,7,2025-01-29,0.16,1,214,3,
51985040,Gezellige kamer dicht bij het centrum,29212917,Charlotte,,Binnenstad,51.03828,3.73202,Private room,,2,29,2025-06-21,0.67,2,0,24,
52026091,Tiniest house of Zwijnaarde,154477348,Jana,,Zwijnaarde,51.00762,3.71638,Entire home/apt,48,1,107,2025-06-18,6.87,1,70,77,
52164361,Lichtrijke slaapkamer met ensuite badkamer,422290597,Karel,,Ledeberg,51.03248,3.7437,Private room,56,1,158,2025-06-22,3.43,1,209,39,
52181954,Stylish Apartment in Renovated Town House,418756270,Simon,,Macharius - Heirnis,51.05431,3.73771,Entire home/apt,56,1,424,2025-06-22,9.44,2,302,114,
52233015,Puur Patershol,422823406,Bart,,Binnenstad,51.05932,3.7246,Private room,,2,51,2024-02-24,1.14,1,0,0,
52257316,Bright and Cosy Little House in the City Centre,404474143,,,Sluizeken - Tolhuis - Ham,51.06116,3.73603,Entire home/apt,76,2,22,2025-04-13,0.48,1,122,5,
52379961,Ruim appartement met terras bij het Begijnhof.,545163033,Thierry,,Elisabethbegijnhof - Papegaai,51.05639,3.7126,Entire home/apt,149,2,94,2025-06-08,2.09,1,163,29,
52400978,Unique Luxury apartment with cosy garden,53142300,Dorothy,,Stationsbuurt Zuid,51.02959,3.70683,Entire home/apt,219,1,44,2024-05-11,0.97,4,3,0,
52452927,Spacious private room near historic downtown,57750582,Ruben,,Bloemekenswijk,51.06701,3.69888,Private room,64,2,44,2025-05-25,1.01,3,357,14,
52480384,Garden jacuzzi & sauna in vintage oasis with bikes,54858845,Esteban Jeroen,,Wondelgem,51.08097,3.70904,Entire home/apt,322,3,81,2025-04-14,1.80,1,132,10,
52511574,Cosy studio in the city center,68361339,Tony,,Binnenstad,51.05229,3.72123,Entire home/apt,52,2,193,2025-06-15,5.23,8,172,39,
52511715,Amazing studio located in Ghent,68361339,Tony,,Binnenstad,51.0522941,3.7212283,Entire home/apt,73,2,256,2025-06-18,6.04,8,151,49,
52511737,Perfect place to visit Ghent,68361339,Tony,,Binnenstad,51.05229,3.72123,Entire home/apt,72,2,254,2025-06-17,5.99,8,169,51,
52511738,Duplex in heart of city center Ghent,68361339,Tony,,Binnenstad,51.05229,3.72123,Entire home/apt,56,2,193,2025-05-12,4.54,8,139,42,
52683017,Gezellige moderne woning vlakbij Gent,42744851,Katia,,Wondelgem,51.08078,3.7125,Entire home/apt,190,3,43,2025-04-21,0.97,1,117,8,
52705010,Le Grand Bordeleau,13829824,Francis,,Muide - Meulestede - Afrikalaan,51.08176,3.72662,Entire home/apt,107,2,58,2025-06-09,1.29,7,316,23,
52710465,Villa with citygarden  for WE getaway or LT-stay,4469506,Mo,,Sint Amandsberg,51.05928,3.75065,Entire home/apt,194,4,11,2024-10-14,0.25,1,328,2,
52766914,Room w/ private bathroom - near train station,23154216,Maxime,,Stationsbuurt Noord,51.04101,3.70838,Private room,,3,116,2025-01-06,2.60,1,0,16,
52817576,Nieuwe duplex penthouse met uniek zicht over Gent,82849349,Wim,,Muide - Meulestede - Afrikalaan,51.06554,3.7362,Entire home/apt,223,3,71,2025-06-09,1.78,1,257,26,
52819134,Unieke loftstudio aan de leie,110115587,Nelson,,Binnenstad,51.057884,3.723999,Entire home/apt,129,1,271,2025-06-10,6.06,4,304,86,
52835401,City centre quiet & private garden house,427767268,Mechiel,,Elisabethbegijnhof - Papegaai,51.057010650634766,3.7194600105285645,Entire home/apt,147,3,164,2025-06-14,3.71,1,240,54,
52871376,Ideal Family Retreat in Ghent,85785507,Vince,,Zwijnaarde,50.99917,3.71021,Entire home/apt,,2,76,2025-05-01,1.71,7,138,11,
52928658,"watermolenstraat16,Gent 9000, België",428489612,Samed,,Binnenstad,51.04793,3.73036,Private room,85,1,1,2021-11-04,0.02,1,364,0,
52974458,BnB Renee - trendy apartment near station,86455568,Frederik,,Stationsbuurt Noord,51.04103,3.71759,Entire home/apt,93,10,17,2024-09-22,0.40,2,251,2,
53038105,Duplex Design Appartement,399933399,Bruno,,Binnenstad,51.05455,3.72134,Entire home/apt,202,2,27,2025-04-13,0.62,1,342,7,
53099623,Huis met tuin nabij centrum Gent,26691211,Josie,,Rabot  - Blaisantvest,51.06317,3.70781,Entire home/apt,,2,6,2024-12-29,0.57,1,0,6,
53277029,Home in Ghent center,2688943,Nosheen,,Binnenstad,51.05615,3.72766,Entire home/apt,338,2,7,2025-02-09,0.16,3,353,3,
53319198,Lovely one bedroom apartment in the heart of Ghent,389348727,Arnaud,,Binnenstad,51.05052947998047,3.727344036102295,Entire home/apt,102,2,174,2025-06-09,3.98,1,258,43,
53390370,the cottage: tiny house for two,92862017,Lut,,Sint Amandsberg,51.06234,3.76212,Entire home/apt,80,3,104,2025-06-09,2.38,1,244,24,
53413874,Studio Kalvermarkt.,25688131,Sofie,,Binnenstad,51.05396,3.732,Private room,110,2,91,2025-06-01,2.19,1,281,22,
53472483,CowNdance - quiet condo near the city centre,433002460,Angelo,,Macharius - Heirnis,51.05379,3.73756,Entire home/apt,,1,126,2024-09-11,2.97,1,0,17,
53507844,Studio Tzawel : private downtown Gent,3138091,Dieter,,Sluizeken - Tolhuis - Ham,51.06216,3.72785,Entire home/apt,163,2,25,2025-05-30,1.45,1,342,23,
53530628,"Zen studio in the city centre of Ghent, En Douceur",433468746,Fre & Mur,,Binnenstad,51.04939,3.72738,Entire home/apt,106,2,140,2025-06-09,3.22,4,72,39,
53557922,Masterbedroom in monumentale Interbellum-Villa,275961023,Bruno,,Nieuw Gent - UZ,51.02235,3.71362,Private room,74,1,200,2025-06-09,4.69,2,328,60,
53567829,Spacious luxury apartment with Castle view!,54994195,Sara,,Binnenstad,51.057007,3.721547,Entire home/apt,213,2,189,2025-06-07,4.44,2,268,47,
53638986,Charmant herenhuis voor kattenliefhebbers,433790569,Hilde,,Macharius - Heirnis,51.050014,3.739953,Entire home/apt,235,3,55,2025-06-09,1.30,1,125,17,
53701242,3 Bedroom Apartment in a Art-Nouveau House,53142300,Dorothy,,Stationsbuurt Noord,51.03553,3.71442,Entire home/apt,236,1,100,2025-06-01,2.32,4,68,43,
53771645,Cosy studio near Ghent - Acogedor studio en Gantes,38692216,Alis,,Ledeberg,51.03647,3.73675,Entire home/apt,59,2,21,2023-05-20,0.49,1,314,0,
53872199,Private room with bathroom in Edgar Guesthouse,436371446,Steven,,Binnenstad,51.05597,3.73103,Private room,95,1,137,2025-06-22,3.23,1,333,32,
54043685,Cozy spacious 1-bedroom loft in Gent,8729564,Michiel,,Ledeberg,51.03892,3.7453,Entire home/apt,,1,64,2024-12-08,5.89,1,0,64,
54162835,Rustig gelegen guesthouse vlakbij Gent,37013960,Eline,,Oostakker,51.07502,3.76424,Entire home/apt,,2,2,2024-11-20,0.06,1,0,1,
54289146,Wellness suite with hammam (B&B Schopenhauer),83766425,Erik,,Binnenstad,51.05084,3.72068,Private room,139,1,20,2025-05-16,0.49,4,354,3,
54323042,Cozy apartment+terras *free parking *city & nature,2047582,Bettina,,Gentbrugge,51.0454,3.76143,Entire home/apt,100,2,74,2025-06-23,1.90,1,112,32,
503340971556594847,"Cosy, furnished & renovated flat w. outside lounge",433406858,Donald,,Stationsbuurt Zuid,51.03197,3.71077,Entire home/apt,120,30,59,2025-06-04,1.37,7,234,8,
504152649645064218,Cosy private floor in the green belt of Ghent,232990775,Dorien,,Sint Denijs Westrem,51.019630432128906,3.6670639514923096,Private room,63,2,115,2025-06-09,2.73,1,52,42,
541321359271415124,VerneDreams : Marrakech Loft + Balcony,86368262,Vincent,,Binnenstad,51.05498,3.7295,Entire home/apt,177,1,29,2025-02-02,0.70,6,318,13,
544259060889203755,3 Bedroom Art-Nouveau Apartment with Free Parking!,53142300,Dorothy,,Stationsbuurt Noord,51.03403,3.71569,Entire home/apt,212,1,64,2025-05-25,1.54,4,61,22,
547401550794955751,Cosy house in Ghent,381797124,Jens,,Ledeberg,51.035244,3.74586,Entire home/apt,90,2,43,2025-06-09,1.08,1,201,14,
547725169498473061,Spacious duplex in lovely home,32570084,Serena,,Rabot  - Blaisantvest,51.06371,3.70567,Private room,81,2,5,2025-05-30,1.06,1,87,5,
548409939783914166,Medieval Hide-Out in the Heart of Ghent Center,68361339,Tony,,Binnenstad,51.04819,3.72137,Entire home/apt,57,1,208,2025-06-14,5.14,8,131,45,
560698380471000666,Sunny stay with artist + sweet cat,6599186,Judith,,Sluizeken - Tolhuis - Ham,51.06356,3.72511,Private room,,2,61,2023-11-20,1.50,2,0,0,
560798440827676548,Artistic flat w. sweet cat in city center,6599186,Judith,,Sluizeken - Tolhuis - Ham,51.0633,3.72601,Entire home/apt,,2,5,2023-06-25,0.13,2,0,0,
563837832132081096,3-Bedroom Penthouse in a UNESCO Heritage Beguinage,3228661,Yulia,,Elisabethbegijnhof - Papegaai,51.05754,3.71175,Entire home/apt,462,2,59,2025-06-18,1.47,1,359,12,
567282796248800579,Ruim Luxe Appartement in het Historische Centrum!,43118220,Dahr,,Binnenstad,51.05873762833809,3.7246626711639585,Entire home/apt,150,1,144,2025-02-23,4.42,1,0,19,
571592211795327762,Private room with roof terrace in Ghent,152712485,,,Sluizeken - Tolhuis - Ham,51.057964,3.735626,Private room,72,2,137,2025-06-01,3.40,1,299,33,
572212497010594407,Rustige studio met terras in Gent,447197910,Anja,,Stationsbuurt Noord,51.04103,3.71479,Entire home/apt,89,2,37,2024-09-01,1.03,1,37,16,
577373965321248430,"Bemeubelde woning, zoek niet verder,omgeving Gent.",325545507,Jody,,Zwijnaarde,51.004158,3.680559,Entire home/apt,,5,0,,,2,355,0,
579644293444824706,Stijlvolle stadswoning met zonnige tuin en kat.,11715743,Lot,,Stationsbuurt Noord,51.04055,3.70653,Entire home/apt,,3,29,2024-08-04,0.75,2,2,3,
583981446555615889,A luxury home away from home,20723524,Peter,,Stationsbuurt Zuid,51.033077,3.709546,Entire home/apt,280,2,102,2025-06-11,2.59,2,285,24,
584460285123441808,Kamer Ginette,449968097,Kristien,,Elisabethbegijnhof - Papegaai,51.05431,3.71929,Private room,74,1,288,2025-06-21,7.28,2,289,85,
584489865773900177,Kamer Angèle,449968097,Kristien,,Elisabethbegijnhof - Papegaai,51.05249,3.71786,Private room,67,1,319,2025-06-13,8.02,2,309,73,
585129404529076460,"Design penthouse at harbour with terrace, parking",35529431,,,Muide - Meulestede - Afrikalaan,51.07887,3.72819,Entire home/apt,171,3,49,2025-06-01,1.28,1,176,9,
586086056427004238,Stunning Duplex Apartment in Ghent Center,68361339,Tony,,Binnenstad,51.04819,3.72137,Entire home/apt,86,1,191,2025-06-17,4.88,8,156,39,
586240583276776898,Private 2 room apartment in Ghent's greenest area,33064430,Jan,,Bloemekenswijk,51.075729,3.70673,Entire home/apt,64,2,31,2025-03-31,0.80,2,239,9,
588074953081790701,Gezellig huisje met rustig tuintje,9263273,Eefje,,Oud Gentbrugge,51.04283,3.7445,Entire home/apt,54,1,68,2025-03-15,1.75,1,6,12,
596991058286216014,Cozy & pet friendly apartment,37060815,Ilse,,Stationsbuurt Zuid,51.03422,3.7122,Entire home/apt,145,3,32,2025-06-21,1.41,1,323,19,
600352600119488042,Nice and quiet room in the hart of Ghent,453283474,Lisa,,Elisabethbegijnhof - Papegaai,51.05013,3.71494,Private room,47,2,152,2025-06-05,4.05,1,286,52,
600420874549880341,Cozy master bedroom with private bathroom in Gent,453293463,Georgina And Yannick,,Rabot  - Blaisantvest,51.06552,3.71013,Private room,,1,30,2023-02-19,0.80,1,234,0,
600452064065640609,1 single bed in shared apt in the Center of Gent,58971045,Bb,,Binnenstad,51.0486,3.73247,Private room,,2,88,2025-06-16,2.27,1,0,20,
604262006561653208,Nyte estate. Rural familyhouse (4-12p) near Ghent.,284503462,,,Drongen,51.05501,3.61458,Entire home/apt,789,2,29,2025-06-15,1.09,2,309,14,
611415055995429515,Boat Bèta: sleeping on a vintage boat! (+ bikes),451234250,Sammy François C,,Mariakerke,51.07811,3.67601,Entire home/apt,97,1,52,2025-06-18,2.19,1,157,32,
617061695907116084,Free-time flat in authentieke herenwoning met tuin,456888199,Yann,,Macharius - Heirnis,51.05711119999999,3.733571,Entire home/apt,212,1,5,2025-04-18,0.15,1,321,1,
618589630389591997,Gezellig rijhuis in Gent met tuintje,457243627,Ingeborg,,Brugse Poort - Rooigem,51.058781,3.697936,Entire home/apt,,2,37,2025-05-04,1.00,1,20,7,
619262980135726448,Gezellig huis met charmante stadstuin,45294742,Laurence,,Dampoort,51.05415,3.75022,Entire home/apt,149,3,13,2024-08-04,0.55,1,242,3,
619310993062723221,Deluxe kamer met tuinzicht,87683973,Marieke & Arne,,Nieuw Gent - UZ,51.02881,3.72899,Private room,,2,62,2025-06-09,1.79,1,0,21,
620715453215959817,Lovely 1 bedroom apartment in the city center.,133379494,Orphee,,Binnenstad,51.0507,3.73382,Entire home/apt,83,2,0,,,1,15,0,
622883760429512991,Herenhuiskamer Schoolstraat,458182999,Sandra,,Sint Amandsberg,51.05874,3.74973,Private room,46,2,107,2025-06-10,2.83,1,217,36,
623099510698984989,"Centrum Gent. 
Leuke condo.Keuken badkamer&terras",328083160,Rossella,,Stationsbuurt Noord,51.0405,3.71702,Entire home/apt,104,2,62,2025-06-24,1.64,2,148,21,
623744021944628613,Duplex appartement met terras in 9050 Gent,37900115,Maxime,,Gentbrugge,51.029236,3.769713,Entire home/apt,93,1,232,2025-06-22,6.12,1,227,76,
624296716421946499,Studio in hartje Gent,458529041,Sophie,,Elisabethbegijnhof - Papegaai,51.0556078,3.720185,Entire home/apt,105,3,91,2025-06-23,2.72,1,340,37,
628014665650424738,Charming Master Bedroom near Ghent,132905445,Isabelle,,Sint Amandsberg,51.07069,3.75559,Private room,53,2,52,2025-06-08,1.38,1,261,10,
633573438362869161,Spacious center apartment in historic mansion,75219754,Willem,,Rabot  - Blaisantvest,51.056934,3.709334,Entire home/apt,91,2,192,2025-06-01,5.22,1,305,66,
634699549376997916,Very nice studio in a great location!,401912810,Veerle,,Stationsbuurt Zuid,51.02745,3.71857,Entire home/apt,64,2,147,2025-06-21,4.10,1,56,50,
636608971858954002,"2 slaapkamer appartement, zicht op Zuidpark",32824796,Julie,,Binnenstad,51.04475,3.73046,Entire home/apt,100,60,0,,,1,363,0,
637635080410729615,Comfortable studio on ideal location,6751121,Hilde,,Stationsbuurt Noord,51.04025,3.71684,Entire home/apt,75,1,105,2025-06-16,2.87,1,76,38,
643113671195211636,"Ruime lichte woning met tuin, park aan overzijde",14527500,Jeroen,,Oud Gentbrugge,51.04083,3.74855,Entire home/apt,124,3,22,2025-04-20,0.61,2,8,5,
643130403631689390,Groots huis in alle rust in hartje van de stad,23215011,Karen,,Elisabethbegijnhof - Papegaai,51.04935,3.71842,Entire home/apt,273,4,11,2024-12-31,0.32,1,82,4,
643238865287520029,The Green Studio,147323902,Rudy,,Elisabethbegijnhof - Papegaai,51.0515191,3.7169624,Entire home/apt,131,2,180,2025-06-09,4.86,3,339,43,
643902245522905860,Jacob’s Getaway - Cosy Appartement - City Center,463004082,Jacob,,Elisabethbegijnhof - Papegaai,51.0523118,3.7201847,Entire home/apt,288,2,16,2025-02-24,0.48,2,135,6,
648538836094468797,Charming house in Ghent,38059611,Nathalie,,Oud Gentbrugge,51.04261,3.75518,Entire home/apt,167,1,22,2025-05-18,0.62,2,43,7,
649864570667435876,Bright design apartment in the center of Ghent,60198564,Alexander,,Elisabethbegijnhof - Papegaai,51.04869,3.71826,Entire home/apt,,3,61,2025-05-12,2.63,2,0,27,
650807100071516602,Uniek Gent centrum toplocatie,18223513,Christophe,,Binnenstad,51.05037309999999,3.7297351,Entire home/apt,111,1,143,2025-06-17,4.92,1,311,60,
651095590700776042,Quiet apartment near Ghent - with parking,424525330,,,Gentbrugge,51.04884,3.76844,Entire home/apt,113,2,43,2025-05-04,1.66,1,142,19,
652903572866852394,Oase van rust in de rand van het bruisende Gent.,29592700,Vanessa,,Gentbrugge,51.03614,3.77019,Entire home/apt,180,3,4,2023-08-12,0.11,1,92,0,
653268049447741026,Design loft met uitzicht én parking,414258920,,,Binnenstad,51.04764,3.72079,Entire home/apt,159,1,33,2023-10-23,0.92,1,175,0,
653367667913594528,Gezellig appartement in Gent,83725616,Tom,,Stationsbuurt Noord,51.03253,3.72429,Entire home/apt,85,2,49,2024-09-03,1.34,1,79,8,
655025260020168329,Spatious and quiet family home in Ghent,6888496,Charlotte,,Dampoort,51.05108,3.75051,Entire home/apt,171,2,4,2024-07-27,0.11,1,362,1,
656249311599380881,Luxueus verblijf in Gent,292296380,Anne,,Binnenstad,51.05419,3.72473,Entire home/apt,263,2,19,2025-05-08,0.53,1,200,4,
657690330438556636,Mooie studio in Gent,2332925,Veronique,,Binnenstad,51.04440839999999,3.7305421,Entire home/apt,100,3,76,2025-06-16,2.14,1,52,43,
657973942295880196,Spacious appartement in holy corner of Ghent,13352606,Johan,,Rabot  - Blaisantvest,51.05976,3.71248,Entire home/apt,80,2,41,2024-09-16,1.13,1,32,15,
659200883464961803,Bring your own camper @ Nature & Culture Ghent *,5077877,Frauke,,Sint Amandsberg,51.06488,3.77695,Entire home/apt,33,3,1,2022-08-23,0.03,3,12,0,
661628538010081075,Exclusive Glamping Tipi experience by Nature Gent,5077877,Frauke,,Sint Amandsberg,51.0638734,3.776877,Entire home/apt,61,2,22,2025-06-22,0.64,3,81,13,
662693509127588633,Jacob’s Getaway - Spacious App - City Center,463004082,Jacob,,Binnenstad,51.05131,3.72051,Entire home/apt,345,2,10,2025-06-01,0.31,2,128,5,
664127083888921592,Stylish Double Bedroom Retreat in Ghent,34821696,Oliver,,Binnenstad,51.0580334,3.7267283,Private room,116,1,120,2025-06-01,3.33,2,177,14,
665190594646188806,Private room in authentic townhouse,1997482,Lloyd,,Watersportbaan - Ekkergem,51.0479,3.71012,Private room,48,55,4,2023-01-15,0.11,1,147,0,
665601415224575400,Privékamer in rijtjeshuis,38059611,Nathalie,,Oud Gentbrugge,51.04342,3.7536,Private room,59,1,5,2024-05-29,0.24,2,177,0,
665602748626800422,•Design Studio Gent• modern en stijlvol met terras,433406858,Donald,,Stationsbuurt Noord,51.03563,3.72906,Entire home/apt,107,2,131,2025-06-20,3.66,7,337,45,
665650150220387903,"•Design Studio Gent• nabij station, musea &centrum",433406858,Donald,,Stationsbuurt Noord,51.03564,3.72752,Entire home/apt,114,2,99,2025-05-28,2.78,7,359,37,
666474516028233189,Mooi appartement op wandelafstand van het centrum,60087505,Fons,,Sluizeken - Tolhuis - Ham,51.0666385,3.7318983,Entire home/apt,83,3,35,2025-06-09,1.00,1,12,12,
667833433039127459,Nieuw lichtrijk luxe apart met zonnig terras,6152783,Annick,,Muide - Meulestede - Afrikalaan,51.07469,3.72813,Entire home/apt,94,3,25,2025-06-10,0.72,1,67,12,
668761224021683455,•Design Duplex Studio Gent• comfortabel verblijven,433406858,Donald,,Stationsbuurt Noord,51.03582,3.72717,Entire home/apt,122,2,133,2025-06-21,3.72,7,343,48,
669586597390083513,Cozy Studio in Gent,30429306,Mabel,,Rabot  - Blaisantvest,51.06201,3.70736,Entire home/apt,99,2,5,2025-01-01,0.14,1,164,2,
670933425222361947,"Lovely place in ghent
with free parking & balcony.",469464079,Beshr,,Nieuw Gent - UZ,51.01967,3.71282,Private room,30,1,0,,,1,359,0,
670979809195369926,Pont-loft,47122428,Bruno,,Drongen,51.03708,3.67828,Entire home/apt,99,2,6,2025-06-09,0.33,1,21,5,
671395025032008154,Charming house in centre with parking,95838342,Tim,,Elisabethbegijnhof - Papegaai,51.04972189999999,3.7170103,Entire home/apt,134,2,96,2025-06-09,2.68,1,176,29,
673103469735353444,Romy&Travis | Comfortable Studio,125569770,Romy&Travis,,Elisabethbegijnhof - Papegaai,51.05024,3.71755,Entire home/apt,71,2,204,2025-06-14,5.85,1,232,99,
673889616006162467,Nice appartment nearby station with splendid view!,11031283,Flore,,Stationsbuurt Zuid,51.03371,3.7079,Entire home/apt,,2,6,2025-04-21,0.43,1,0,4,
676121201172114159,Spacious appartment in Gent with park view,24004388,Yasmin,,Stationsbuurt Noord,51.03646,3.71718,Private room,74,2,45,2025-06-16,1.30,1,305,22,
677895709089442367,Stylish condo Centrum Gent 4 slaapplaatsen,328083160,Rossella,,Stationsbuurt Noord,51.041336,3.7153274,Entire home/apt,186,1,33,2025-05-18,0.95,2,332,9,
680156978857296995,Bijgebouw in Gent,44203045,Hanno,,Elisabethbegijnhof - Papegaai,51.05525,3.71802,Entire home/apt,,2,90,2025-06-22,2.67,1,1,22,
680270142827977119,Appartment (incl. parking) near Ghent city centre,159315880,Laura,,Macharius - Heirnis,51.047465,3.73982,Entire home/apt,192,2,59,2025-06-19,1.67,1,346,34,
680870025982512125,Quare - Your Airbnb in Ghent!,174003364,Quinten,,Moscou - Vogelhoek,51.02445,3.76004,Private room,66,2,64,2025-06-22,2.37,1,71,35,
688459592414564858,Ruim appartement in hartje Gent,145846834,Jona,,Binnenstad,51.0475399,3.7270431,Entire home/apt,103,2,94,2025-06-01,2.77,1,330,28,
691108978277777734,"Zonnig en stijlvol app, terras & parkzicht!",137880600,Ester Louise J,,Binnenstad,51.0392,3.7248,Entire home/apt,110,2,39,2025-06-01,1.66,1,3,15,
691109187536091441,ANNA Groot appartement met twee slaapkamers.,35788202,Gerlinde,,Elisabethbegijnhof - Papegaai,51.05574,3.71676,Entire home/apt,300,2,49,2025-06-01,1.41,3,332,11,
693193864607106034,Privé kamer in lichtrijke woning aan een park,14527500,Jeroen,,Oud Gentbrugge,51.04034,3.74854,Private room,64,2,18,2025-06-09,0.52,2,116,6,
694590175051349421,Contemporary Studio with Easy City Access,474273752,Bart,,Binnenstad,51.04096,3.72768,Entire home/apt,58,1,132,2025-06-01,3.83,2,167,27,
694891603587363668,Budget 1-persoonskamer rand Gent,28687584,Bart,,Muide - Meulestede - Afrikalaan,51.07705,3.73258,Private room,49,1,43,2025-06-20,1.25,2,238,16,
695320927716795434,Gezellig ruim huis vlakbij Gent,138952684,Franciska,,Wondelgem,51.09522,3.71113,Entire home/apt,225,2,38,2025-05-25,1.17,1,150,14,
695970899223445916,één slaapkamer appartement met ruim zonneterras,443371429,,,Oud Gentbrugge,51.04214,3.7458,Entire home/apt,,5,17,2025-04-21,0.49,1,0,5,
696804055169111236,Luxe Studio Nabij Centrum Gent,433406858,Donald,,Stationsbuurt Noord,51.03696,3.72884,Entire home/apt,118,2,116,2025-06-20,3.40,7,346,43,
697857566810641547,Gezellig thuis in Gent.,9116480,Sophie,,Stationsbuurt Noord,51.03745,3.70402,Entire home/apt,137,2,27,2025-06-21,1.05,1,332,9,
704131538869168601,Mooi en gezellig gelijkvloers met patio,136750515,Thomas,,Zwijnaarde,51.000051,3.7131558,Entire home/apt,,2,38,2025-05-10,1.11,1,0,2,
704875081706893652,Mooi appartement Gent,476360780,Valerie,,Stationsbuurt Noord,51.03636,3.71487,Entire home/apt,,1,87,2025-05-21,2.56,4,0,18,
704960276136666651,Private duplex apartment in Ghent,477388382,,,Ledeberg,51.03516,3.7464,Entire home/apt,,2,20,2024-05-25,0.59,2,0,0,
705508803327016924,"Cosy, comfortable & REAL house in Gent",11835561,Bruno,,Brugse Poort - Rooigem,51.06081,3.70059,Entire home/apt,102,3,24,2025-05-04,0.72,1,5,9,
707043291768508394,Romantisch verblijf voor twee in historisch Gent,390618232,Vincent,,Binnenstad,51.0480149,3.7217379,Entire home/apt,80,2,47,2025-06-20,1.40,2,333,13,
707622250804388450,Modern appartment in the heart of Ghent,477921647,Greet,,Binnenstad,51.0527802,3.7244435,Entire home/apt,135,2,2,2023-12-04,0.06,1,191,0,
708665279785118824,Prachtig 2 slaapkamer appartement Gent,476360780,Valerie,,Stationsbuurt Noord,51.03753,3.71719,Entire home/apt,159,2,32,2024-08-16,0.96,4,2,10,
710658297845512941,Lichtrijk appartement op toplocatie in Gent3,182753172,Anthony,,Binnenstad,51.05038,3.73021,Entire home/apt,104,1,167,2025-06-20,4.93,4,279,61,
710729078134136672,Bright authentic room with private bath & AC,417818621,Brian,,Elisabethbegijnhof - Papegaai,51.05479,3.71227,Private room,95,1,409,2025-06-19,13.56,2,333,175,
712680930560078839,Cozy Room I Ghent in small accomodation,10317384,Eric,,Nieuw Gent - UZ,51.028629,3.7315286,Private room,50,2,24,2025-05-05,0.72,2,334,6,
713404987614536496,Attic apartment in 1930's house in a quiet street.,25009089,Siel,,Sluizeken - Tolhuis - Ham,51.06018,3.73267,Entire home/apt,99,2,133,2025-06-22,4.04,1,78,49,
717099944966815220,Mari's: Multifunctional Shelter with big Garden,22044540,Tomas,,Stationsbuurt Zuid,51.03175,3.72294,Entire home/apt,237,1,80,2025-06-23,2.42,1,300,28,
719191914528408049,Cosy room in small accomodation II,10317384,Eric,,Nieuw Gent - UZ,51.02827,3.7313,Private room,50,2,22,2025-06-01,0.66,2,365,6,
719505154262866123,Ruim appartement+parking/wandelafstand centrum,480134178,Louise,,Sluizeken - Tolhuis - Ham,51.0631818,3.725216199999999,Entire home/apt,122,2,163,2025-06-08,4.96,3,129,47,
720348121179883386,Private apartment in Ghent,477388382,,,Ledeberg,51.03341,3.74709,Entire home/apt,,2,24,2024-04-04,0.72,2,0,0,
721306409446451433,Hip appartement met groot terras aan het water,78326641,Alexander,,Watersportbaan - Ekkergem,51.05103,3.70058,Entire home/apt,112,3,35,2025-06-09,1.09,1,83,15,
723643615116703031,Unique 2-bedroom apartment with a private patio,43566124,Kiefer,,Elisabethbegijnhof - Papegaai,51.05819,3.71805,Entire home/apt,341,2,82,2025-06-16,2.47,1,153,34,
731782312548043044,Moderne studio met tuin nabij Rabot,441708204,Machtelt,,Bloemekenswijk,51.06567,3.70792,Entire home/apt,86,2,48,2025-06-14,1.52,1,116,23,
734720957094096332,2 bedroom stay close to the station,43570873,Peter,,Stationsbuurt Noord,51.038422,3.707645,Entire home/apt,159,2,141,2025-06-23,4.61,2,258,64,
737371919015998817,"Zonnig appartement, 3km van historisch centrum",9682121,Ronald,,Sint Amandsberg,51.06728,3.7574,Entire home/apt,90,2,58,2025-05-04,1.92,1,306,25,
738456283697520600,Gezellige rijwoning nabij Portus Ganda,94230094,Lily,,Macharius - Heirnis,51.05684,3.73762,Entire home/apt,,3,4,2023-06-04,0.15,1,0,0,
743983010520255126,Studio close to Sint Pieters (non-smoking),1857887,,,Stationsbuurt Zuid,51.03241,3.71208,Entire home/apt,60,90,5,2024-09-13,0.44,10,220,5,
744830697572792093,The Urban Jungle,133491342,Harold,,Elisabethbegijnhof - Papegaai,51.05086,3.72018,Entire home/apt,202,2,54,2025-06-01,1.86,1,121,21,
745322398774383289,Spacious & bright studio near the city centre,127469821,Dirk,,Muide - Meulestede - Afrikalaan,51.08103,3.72771,Private room,,2,1,2022-11-27,0.03,1,176,0,
747737426284955343,Charmant éénpersoonsappartement in mooi herenhuis,390618232,Vincent,,Binnenstad,51.0480149,3.7217379,Private room,71,2,20,2025-06-01,0.62,2,350,5,
749253413426629925,Gezellig appartement met mooi rustig zonne-terras,42668146,Sarah,,Dampoort,51.05577,3.75107,Entire home/apt,,2,4,2025-03-30,0.13,1,0,1,
749780657222422436,City Comfort: Modern Studio in Ghent,474273752,Bart,,Binnenstad,51.04096,3.72768,Entire home/apt,48,1,133,2025-06-15,4.16,2,157,40,
750556954864149651,Prachtige loft in Gent,5715265,Elien,,Watersportbaan - Ekkergem,51.05192,3.70715,Entire home/apt,99,2,114,2025-06-22,3.66,1,135,48,
753408633107596079,"rustig gelegen appartement, wandel afstand centrum",355942713,Joris,,Stationsbuurt Noord,51.0425614,3.7065621,Entire home/apt,175,3,14,2025-04-21,0.46,1,280,5,
760719464805590082,Art & Love Loft,23074857,Brecht,,Macharius - Heirnis,51.0466209,3.7428387,Entire home/apt,97,2,84,2025-06-23,2.74,1,350,28,
761270544400012901,Appartement met tuin in centrum,146147552,Magali,,Binnenstad,51.04868,3.73133,Entire home/apt,115,1,84,2025-06-01,5.58,1,71,66,
763241154823886449,Cosy Room Gent - City and Nature,112140781,Alexander,,Brugse Poort - Rooigem,51.0561501,3.6940771,Entire home/apt,77,1,89,2025-06-17,2.85,2,107,35,
763275732832375992,Cosy Apartment - City and Nature,112140781,Alexander,,Brugse Poort - Rooigem,51.0561501,3.6940771,Entire home/apt,75,1,99,2025-06-18,3.18,2,139,58,
763690098324466400,Privé urban jungle kamer,157833968,Kristof En Jens,,Dampoort,51.0529,3.74728,Private room,82,1,125,2024-12-03,4.08,1,46,21,
766324186482185541,Ruim appartement met terras (incl. lieve kat),37856406,Julie,,Stationsbuurt Zuid,51.02908,3.71979,Entire home/apt,,2,64,2025-05-06,2.24,1,20,23,
767249386824314396,Loft Gent,66047386,Elise,,Brugse Poort - Rooigem,51.06231,3.7011,Entire home/apt,184,2,7,2024-11-11,0.23,1,137,4,
767881798237581236,Gezellig appartement in Gent,442751527,Wim,,Dampoort,51.05393127239576,3.749276100524903,Entire home/apt,107,3,80,2025-06-16,2.58,1,209,34,
768905907031406133,Cosy apartment for 2p-6p @ Ghent,365755973,,,Stationsbuurt Noord,51.0362634,3.7160569,Entire home/apt,144,2,112,2025-05-30,3.62,1,172,24,
769630517570195876,"Modern studio, well-connected",46964617,Mathieu,,Stationsbuurt Zuid,51.0283156242003,3.707980504229753,Entire home/apt,67,5,79,2025-06-01,2.86,1,87,24,
770054553142647956,Welcome at cosy stay in Ghent,203810809,Emke,,Oud Gentbrugge,51.04703,3.76411,Entire home/apt,485,2,32,2025-05-25,1.16,1,140,15,
770313739508059076,Otto Gallery,90273763,Dirk,,Binnenstad,51.05951,3.72663,Entire home/apt,117,2,139,2025-06-15,4.49,1,331,50,
775954341379829032,Gezellig & Centraal - 4 Persoons Gentse Studio,246803446,Donald,,Binnenstad,51.05718,3.72192,Entire home/apt,137,2,146,2025-06-16,4.76,10,304,67,
775967250872769286,Charmante Studio op Toplocatie - Hartje Gent,246803446,Donald,,Binnenstad,51.0583,3.72138,Entire home/apt,108,2,93,2025-06-15,3.03,10,355,39,
775974372446125443,Gezellige Gentse Studio - Perfect Voor Koppels,246803446,Donald,,Binnenstad,51.05785,3.72277,Entire home/apt,127,2,98,2025-06-01,3.19,10,361,41,
775985593772921783,Gent City Centre Retreat - Modern en gezellig,246803446,Donald,,Binnenstad,51.05792,3.72307,Entire home/apt,134,2,143,2025-06-16,4.66,10,323,62,
776532480319383080,Stijlvol verblijf in rustig &centraal Gent Centrum,489936546,Remi,,Elisabethbegijnhof - Papegaai,51.05048,3.71579,Entire home/apt,218,2,147,2025-06-19,4.85,12,285,68,
782325309397750979,Ruime duplex in het stadscentrum - 4 slaapplaatsen,246803446,Donald,,Binnenstad,51.05658,3.72295,Entire home/apt,152,2,101,2025-06-15,3.33,10,332,59,
782446469730159008,"Mooie vernieuwde Duplex in hartje Gent , Patershol",246803446,Donald,,Binnenstad,51.05663,3.72345,Entire home/apt,64,30,11,2025-02-28,0.42,10,298,5,
783965401879008602,The Light House (with Pool),52113958,Daan,,Dampoort,51.05432,3.74436,Entire home/apt,,2,12,2024-12-30,0.44,1,28,3,
788715352466100094,Casa Mina - Dok Noord Ghent,52806458,Jolien,,Sluizeken - Tolhuis - Ham,51.06362350691434,3.732720986008644,Entire home/apt,167,2,31,2025-02-09,1.28,1,338,14,
793574108816315264,Gezellig 2 slaapkamer appartement vlakbij centrum,39410533,Stefaan,,Stationsbuurt Zuid,51.0313865,3.722803599999999,Entire home/apt,119,2,99,2025-05-04,3.28,1,111,23,
797027669641308880,"A&B at Citadel Park, private bathroom, breakfast",277634214,,,Stationsbuurt Noord,51.03804,3.71865,Private room,,1,80,2025-06-06,2.68,3,0,36,
799363817790974432,Spacious apartment with water canal view,330751477,Inka,,Macharius - Heirnis,51.04519,3.7433,Entire home/apt,152,2,17,2025-06-01,0.61,1,73,8,
800347681775866077,Casa Gerardo,119632387,Gilbert,,Mariakerke,51.07637,3.67993,Entire home/apt,118,3,104,2025-06-10,3.71,2,321,32,
800506949297677496,Maison Kitoko b&b - Nomi suite,32652214,Benjamin,,Sluizeken - Tolhuis - Ham,51.05894,3.73441,Private room,132,2,0,,,3,356,0,
801221907388485749,Quiet Home near Historic Gent City Centre,412643939,Billy,,Sluizeken - Tolhuis - Ham,51.06258,3.72934,Entire home/apt,348,1,86,2025-06-19,3.27,3,276,32,
802083766805134971,Volledig privé appartement met 2 slaapkamers.,153080529,Serge,,Wondelgem,51.08312,3.71577,Private room,,1,1,2023-08-10,0.04,2,0,0,
803020733036190556,"Cozy Studio ""the loft""",164757870,Bert,,Gentbrugge,51.03474,3.75922,Entire home/apt,70,2,21,2025-06-13,0.78,2,41,6,
803461406659296983,CE Residence,373870068,,,Elisabethbegijnhof - Papegaai,51.05294,3.71089,Entire home/apt,,2,6,2023-08-29,0.22,1,326,0,
805572288970006578,Loftstyle room in basement + kitchen access,57750582,Ruben,,Bloemekenswijk,51.06727,3.69921,Private room,62,2,4,2024-04-28,0.14,3,363,0,
805578565284852386,Loft style room in basement,57750582,Ruben,,Brugse Poort - Rooigem,51.0658,3.69937,Private room,50,2,23,2025-06-09,0.78,3,361,7,
810216820523813173,Maison Kitoko b&b - Noxy suite,32652214,Benjamin,,Sluizeken - Tolhuis - Ham,51.05955,3.73423,Private room,,2,0,,,3,358,0,
810293435044217614,Maison Kitoko b&b - Coco suite,32652214,Benjamin,,Sluizeken - Tolhuis - Ham,51.06096,3.73268,Private room,132,2,0,,,3,357,0,
811580148125252731,Bright&cosy room+workspace + free bike,83004617,Evelien,,Macharius - Heirnis,51.04656029852655,3.743592314422131,Private room,,1,51,2025-03-16,1.76,1,0,12,
814373029287126680,Biggenkruid - duurzame B&B in Gent,498364571,Jeroen,,Zwijnaarde,51.00175,3.714,Private room,64,5,24,2025-02-08,0.84,1,106,6,
814918610672001535,Architectural family home,32826798,Lauren,,Brugse Poort - Rooigem,51.06398,3.69882,Entire home/apt,128,4,7,2025-01-02,0.25,1,203,4,
815765697724218068,Peter's Place,460999429,Peter,,Binnenstad,51.05739969209437,3.7293573081251363,Entire home/apt,131,2,22,2025-05-18,0.81,1,63,7,
815980470679073686,"Stylish loft, with terrace flanked by the river!",498741260,Blue,,Binnenstad,51.04931310000001,3.7244745,Entire home/apt,80,2,165,2025-06-01,5.72,1,347,71,
816527025290098455,Appartement with a beautiful view in Ghent !,498291919,Nassima,,Ledeberg,51.03241,3.73529,Private room,49,1,6,2025-02-15,0.21,2,365,2,
816736988718029576,"SoGo Guesthouse,  room ""De Cirq""",433468746,Fre & Mur,,Binnenstad,51.04868114919339,3.728346493254091,Private room,97,2,113,2025-06-08,3.92,4,37,47,
820089549545214559,Privékamer in lichtrijk appartement,426230648,German,,Elisabethbegijnhof - Papegaai,51.056280924253066,3.716770000000005,Private room,72,2,31,2025-06-01,1.11,1,317,10,
820116597048404786,Ontspan in een ruim appartement nabij Gent.,499636372,Arnaud,,Sint Denijs Westrem,51.01793,3.67257,Entire home/apt,,1,8,2025-06-01,0.30,1,0,4,
823642935153310908,"Cosy private room, top location.",33851451,Kris,,Stationsbuurt Noord,51.03789877219739,3.713027536869049,Private room,54,1,53,2025-04-15,1.86,1,112,10,
823693351896888871,Cosy duplex appartement,24469002,Gaëlle,,Sluizeken - Tolhuis - Ham,51.0637648,3.7329458,Entire home/apt,116,3,34,2025-04-17,1.20,1,196,7,
823774273995432844,Carpe diem - cosy room in family house!,102635889,Herlinde,,Oud Gentbrugge,51.04484005024408,3.7546292692422867,Private room,60,2,54,2025-06-09,1.89,1,339,18,
828724146564706712,Cosy villa with garden,501466193,Dirk,,Mariakerke,51.0834531,3.6722723,Entire home/apt,300,2,36,2025-04-26,1.33,1,33,15,
831649240490348008,Welcome in Stella's House!,423374431,Stephanie,,Brugse Poort - Rooigem,51.06312705389142,3.6933377000000167,Entire home/apt,203,1,26,2025-05-24,0.95,1,207,9,
832495233781763019,Loft met zicht op Gravensteen,502283784,Caroline,,Binnenstad,51.05684,3.72251,Entire home/apt,152,2,128,2025-06-15,4.67,1,135,62,
835442503228589569,Luxe penthouse aan het water,23245172,Anne,,Muide - Meulestede - Afrikalaan,51.07814,3.72886,Entire home/apt,75,7,7,2025-06-15,0.30,1,27,5,
836169029448422019,Kamer in Gent bij Milan & Yara,47948570,Milan,,Bloemekenswijk,51.0686,3.70815,Private room,58,2,80,2025-06-16,3.63,1,36,33,
836697993831260050,Gezinswoning te Sint-Amandsberg,56590881,Melissa,,Sint Amandsberg,51.07245,3.76494,Entire home/apt,185,2,20,2025-05-04,0.72,2,168,12,
841901761833857714,"SoGo Guesthouse, room ""L'Artiste""",433468746,Fre & Mur,,Binnenstad,51.04864405284109,3.7283840441802996,Private room,82,2,126,2025-06-14,4.55,4,28,57,
845693627975549795,Vrijstaande woning met tuin,48940326,Jan,,Oostakker,51.07935,3.75434,Entire home/apt,136,2,6,2025-06-07,0.23,1,67,2,
845793333611511338,Prachtige zolderstudio in Gent,505102014,Mahtab,,Bloemekenswijk,51.06984,3.695,Private room,65,2,20,2025-02-03,0.74,1,336,10,
847414756861093364,Eclectische woning wandelafstand centrum+parking,480134178,Louise,,Sluizeken - Tolhuis - Ham,51.06274,3.72465,Entire home/apt,122,2,70,2025-06-07,2.74,3,141,31,
849299105008714261,La Maison Bleue - chambre UN,384806549,Ellen,,Elisabethbegijnhof - Papegaai,51.05214,3.71927,Private room,69,1,99,2025-06-21,7.09,3,48,82,
849883079832497860,Studio in centrum,505937541,Joke,,Watersportbaan - Ekkergem,51.047011151092235,3.7137047946453094,Private room,76,2,56,2025-06-21,2.06,1,16,26,
851391477141990473,Logies Cathedral Gent,206869111,An,,Binnenstad,51.054623751359955,3.7300891756839727,Private room,166,1,2,2024-08-29,0.07,1,254,1,
852760106657816528,Charmant appartement in Gent,71473736,Maxime,,Stationsbuurt Zuid,51.02549,3.71072,Entire home/apt,89,2,40,2025-06-09,1.46,1,318,17,
853312988590364645,Extra room in cosy&little house,5390128,Mieke,,Muide - Meulestede - Afrikalaan,51.07345,3.73132,Private room,78,1,14,2025-05-04,0.51,3,170,3,
854866852684484805,Herenhuis midden in centrum van Gent.,11503910,Johannes,,Elisabethbegijnhof - Papegaai,51.0498201737288,3.7162723392248154,Private room,104,2,3,2023-08-13,0.13,1,61,0,
855028535818701727,Cosy kamers dichtbij station,5576088,Rafaela,,Stationsbuurt Noord,51.03967,3.71466,Private room,75,1,62,2025-05-31,2.34,1,38,22,
858395391724725544,Bright Apartment in Townhouse,362787745,Amaryllis,,Elisabethbegijnhof - Papegaai,51.05519,3.7151,Entire home/apt,70,1,273,2025-06-23,10.09,2,102,109,
860628172746283913,Stylish new duplex apartment,5883895,Annelore,,Watersportbaan - Ekkergem,51.05328,3.70574,Entire home/apt,,30,7,2024-08-17,0.29,9,358,3,
866603690735978618,Boho huis vlakbij Gent,34828211,Klaas,,Wondelgem,51.080052,3.712540999999999,Entire home/apt,,3,2,2024-05-11,0.08,1,320,0,
870331566556606544,Maison Theresia,44237236,Antinoüs,,Rabot  - Blaisantvest,51.06313,3.7085,Private room,45,1,46,2023-11-18,1.75,1,153,0,
870337964664596241,Phoenix,508322767,Ilda,,Brugse Poort - Rooigem,51.0582003,3.7053942,Entire home/apt,151,1,58,2025-06-08,2.21,1,110,38,
873632714962573707,Unbeatable Location – Explore Ghent on Foot!,510845010,Laura,,Binnenstad,51.05502,3.72693,Entire home/apt,88,2,82,2025-06-01,3.09,2,125,22,
876936271522988296,Charlito’s place,120505367,Charles,,Binnenstad,51.05620857543495,3.7232229486107826,Entire home/apt,120,2,137,2025-06-20,5.76,1,308,56,
877455617718937044,Marseillestraat Gent!,104352942,TIne,,Muide - Meulestede - Afrikalaan,51.08678,3.72895,Entire home/apt,,1,11,2025-03-24,0.43,3,0,3,
877975093468262450,Holiday home with patio,428554031,Barbara,,Brugse Poort - Rooigem,51.05831045052504,3.7016811221837997,Entire home/apt,,2,5,2024-08-12,0.22,1,0,2,
880255264413301508,Gent City Center 2-bedroom Apartment,512304850,,,Binnenstad,51.05322,3.72521,Entire home/apt,154,5,1,2025-04-10,0.39,1,270,1,
881615485597466968,House with garden near Ghent,877110,Eva,,Sint Denijs Westrem,51.01446,3.66495,Entire home/apt,,3,0,,,1,84,0,
881767187618219983,Private room with ensuite bathroom,75234335,Barbara,,Gentbrugge,51.04209,3.7616,Private room,,2,19,2025-01-02,0.75,2,0,3,
883338422593583391,Leuke rijwoning met koer te Gent,3575646,Loes,,Ledeberg,51.03454,3.74835,Entire home/apt,,3,1,2023-05-21,0.04,1,0,0,
884790389359155524,Private Room For Girls or Couple,513304799,Rihab,,Bloemekenswijk,51.06602,3.71054,Private room,42,1,96,2025-05-24,3.72,1,347,22,
887333251861739640,Typisch Gents beluikje in het centrum van Gent,486026680,Evi,,Sluizeken - Tolhuis - Ham,51.06237,3.7265,Entire home/apt,132,2,31,2025-06-08,1.30,1,66,14,
887358449119005272,Tasteful home for cat-loving digital nomads,7037508,Laura,,Brugse Poort - Rooigem,51.05833193822867,3.6970113962888718,Entire home/apt,90,7,17,2025-02-03,0.67,1,84,2,
888765937941106755,Penthouse Ghent,372517546,Charlotte,,Binnenstad,51.04351,3.73729,Entire home/apt,122,3,4,2023-07-13,0.16,1,65,0,
891017827866054391,Room for two people in a cozy apartment,259047069,Tania,,Stationsbuurt Noord,51.03853,3.71513,Private room,,1,2,2023-06-18,0.08,1,0,0,
891394113082775798,Kamer,139715560,Erick,,Ledeberg,51.04015,3.74361,Private room,58,1,1,2023-06-25,0.04,3,298,0,
893220325180740756,riant fabriekspand met patio,515156225,Carl,,Stationsbuurt Zuid,51.03051730866501,3.7086258465576094,Entire home/apt,,42,1,2023-07-25,0.04,3,0,0,
893225753807159899,The Belfort stay,19547425,Justine,,Binnenstad,51.04549708245809,3.728746958076954,Entire home/apt,147,1,62,2024-05-08,2.58,1,138,0,
893916294561109481,Vernieuwd rijhuis rand Gent,28687584,Bart,,Muide - Meulestede - Afrikalaan,51.0776562,3.731711599999999,Entire home/apt,110,4,2,2024-07-23,0.08,2,94,1,
896133381368012933,Ruime loft met grote tuin Gent,16101119,Sara,,Sint Amandsberg,51.06644878746079,3.7583907306884834,Entire home/apt,208,6,6,2024-08-21,0.26,1,37,3,
896361954294895034,Gastenverblijf Gent Centrum,12114930,Dirk,,Binnenstad,51.0471161,3.7339347,Entire home/apt,,1,104,2025-02-02,4.31,1,0,39,
897115192808438338,Bright Room with Private Terrace,209022488,Jonas,,Nieuw Gent - UZ,51.0187471,3.7241106,Private room,,2,7,2023-12-23,0.29,1,0,0,
897213539400787826,Spacious & light apartment,254035763,Pieter,,Elisabethbegijnhof - Papegaai,51.05146603182209,3.7135666608810425,Entire home/apt,97,3,28,2025-06-15,1.16,1,22,19,
901332767311591385,Appartement met groot terras,24185323,Tina,,Sluizeken - Tolhuis - Ham,51.05891,3.737,Entire home/apt,92,5,3,2024-08-11,0.13,1,96,1,
901892183533701733,Dejan Vu,492000489,Samuel,,Elisabethbegijnhof - Papegaai,51.0514,3.7158,Private room,,1,2,2024-03-24,0.11,1,0,0,
901956803581748562,Privé kamer Centrum Gent,517110017,Jan,,Sluizeken - Tolhuis - Ham,51.0618043,3.727571,Private room,59,2,14,2025-04-20,0.58,1,22,7,
902197355505813733,Pixie's house,129101537,Stijn,,Stationsbuurt Noord,51.0359705160323,3.727282745507803,Entire home/apt,160,2,48,2025-06-24,2.02,1,50,23,
903524863790650713,Central 2-BR Gem in Ghent,487809631,Eduard,,Binnenstad,51.04914,3.73303,Entire home/apt,101,1,69,2025-06-09,2.75,3,156,38,
905544800477787535,Cozy Modern House – near Center - at train-station,402539101,Jan,,Dampoort,51.0572946,3.7448639,Entire home/apt,164,3,11,2025-06-22,0.47,1,193,7,
905607489402873555,Cosy house in city centre,45187310,Erwin,,Stationsbuurt Noord,51.0328379,3.7249083,Entire home/apt,130,7,11,2024-09-08,0.47,4,23,3,
905823111046141349,Gezinswoning in Gent stadsrand,259044994,Ise,,Dampoort,51.0542,3.75168,Entire home/apt,,3,18,2024-08-10,0.75,1,0,3,
906889640811584991,Cosy studio in Gent,38369406,Eloïse,,Binnenstad,51.04549751191467,3.722826987504959,Entire home/apt,88,2,9,2023-08-20,0.38,1,201,0,
907207129412070796,Nieuw gelijkvloersappartement,34559289,Sophie,,Binnenstad,51.04511428998548,3.7220652401447296,Entire home/apt,90,1,120,2024-12-08,5.02,1,159,30,
907816400733942000,"Spacious, Sunlit Apartment in the Heart of Ghent",296359297,Hubert En Clara,,Binnenstad,51.04888,3.73076,Entire home/apt,104,3,3,2023-07-05,0.12,1,203,0,
908742442869745058,Le Bon Vivant,21239047,Suzanne,,Muide - Meulestede - Afrikalaan,51.06413539562657,3.7365982539673004,Entire home/apt,74,2,27,2024-08-26,1.09,1,69,9,
909497362249969036,Gezellig appartement met ruim zonnig terras,514072637,Florence,,Watersportbaan - Ekkergem,51.0453448,3.6965637,Entire home/apt,129,3,17,2025-06-01,0.74,1,44,5,
911483661172399223,Tuinpaviljoen (bij monument) met zwembad,275961023,Bruno,,Nieuw Gent - UZ,51.022985,3.7130693,Entire home/apt,69,1,80,2025-06-09,3.28,2,330,37,
911635709858199456,Spacious house near the center.,52390386,Ruben,,Dampoort,51.05258,3.7462,Entire home/apt,156,3,17,2025-01-05,0.74,2,50,12,
912838641629601093,Gezinswoning in Gent,371483970,Davino,,Muide - Meulestede - Afrikalaan,51.0719283,3.7299229,Entire home/apt,176,3,6,2025-01-03,0.25,1,15,2,
913110838080351519,Our family house with a pool near Ghent,59745875,Maaike,,Sint Denijs Westrem,51.01924,3.67047,Entire home/apt,271,7,2,2024-08-18,0.18,1,12,2,
913585709255595373,"Hippe, eigentijdse en  lichtrijke stadswoning",12943461,Sara,,Sint Amandsberg,51.07551,3.749,Entire home/apt,111,2,0,,,1,118,0,
913771921532160524,Studio(only monthly rented),258565721,Yuki,,Stationsbuurt Zuid,51.0301,3.70762,Entire home/apt,,31,0,,,1,45,0,
914285688216921263,Budgetkamer in Gent - Gedeeld appartement,153080529,Serge,,Wondelgem,51.0836693,3.7146243,Private room,,1,118,2025-03-08,4.82,2,68,54,
915134332295303348,Rustig verblijf vlakbij Gent centrum &Natuurgebied,489936546,Remi,,Dampoort,51.04763,3.75119,Entire home/apt,116,2,39,2025-06-13,1.65,12,347,27,
915889762772933896,schipperswoning woonschip Ares,35843673,Koen,,Oud Gentbrugge,51.044166197670776,3.7429298640147213,Entire home/apt,71,2,120,2025-05-29,4.92,1,292,52,
915997430088921109,"Keizer Karelstraat, uitzicht op historische torens",502157198,Ann-Sophie,,Binnenstad,51.0528367,3.7320343,Entire home/apt,180,2,59,2025-06-17,2.54,1,288,32,
916626479716544775,Luxury Design Apartment,500315063,Lauren,,Stationsbuurt Noord,51.04087,3.71915,Entire home/apt,,5,0,,,3,0,0,
916656855359511748,Cozy Cottage House,520683746,Antoa,,Drongen,51.06559,3.63562,Entire home/apt,170,3,17,2025-05-31,0.72,1,325,12,
917302818479669260,"Triplex met terras, vlakbij centrum & Natuurgebied",489936546,Remi,,Dampoort,51.04797,3.75303,Entire home/apt,171,2,117,2025-06-16,4.85,12,275,66,
917897188994062005,Boat & Breakfast Bellevue,38257287,Bart,,Ledeberg,51.03577,3.73386,Entire home/apt,75,1,94,2025-06-03,3.92,1,239,14,
918033535513547712,Exceptional Houseboat in Ghent's waters,487809631,Eduard,,Muide - Meulestede - Afrikalaan,51.0582,3.73902,Entire home/apt,102,1,112,2025-06-01,4.59,3,23,51,
918151063273811388,Kleine Marseille v. Gent,104352942,TIne,,Muide - Meulestede - Afrikalaan,51.08609,3.72839,Private room,49,2,6,2025-06-09,0.26,3,40,4,
918624455729048533,Nyte garden lodge,284503462,,,Drongen,51.05342,3.61385,Entire home/apt,246,2,58,2025-06-21,2.42,2,125,24,
918740524143472297,Attic 126 Luxe loft voor 2 personen,521222784,Bart,,Stationsbuurt Zuid,51.03581,3.69257,Entire home/apt,140,2,18,2025-06-16,0.75,1,290,11,
920744044661488601,Appartement aan de Leie in centrum Gent,38071391,Matthias,,Binnenstad,51.05762,3.73101,Entire home/apt,109,2,49,2025-02-24,2.04,5,106,11,
923054987680431096,Maxi Marseillestraat,104352942,TIne,,Muide - Meulestede - Afrikalaan,51.08722,3.72978,Entire home/apt,,1,4,2025-03-30,0.22,3,0,3,
923536413266656854,Ruim huis vlakbij centrum Gent met lieve kat,196294266,Marie,,Sint Amandsberg,51.05886,3.75469,Entire home/apt,124,2,16,2025-06-01,0.68,1,27,2,
924336409782036251,Blue room in kleurrijk huisje,959653,Angela,,Dampoort,51.05145044681708,3.7524288520216946,Private room,45,1,21,2025-06-17,0.88,1,332,14,
926038633274313780,Calm studio with terrace,11279546,Marina,,Brugse Poort - Rooigem,51.06328,3.69971,Entire home/apt,67,1,29,2024-09-22,1.21,1,26,16,
926552541453619059,huis net buiten gent,70312018,Claudia,,Oostakker,51.10498,3.77232,Private room,45,2,25,2025-06-09,1.05,1,356,12,
926581014260078938,"Lil's appartement: 4 personen, 2 kamers, Parking",37474804,Liselotte,,Sint Amandsberg,51.07113,3.75337,Entire home/apt,103,3,21,2025-01-04,0.88,1,61,9,
926660638841521234,Cosy apartment in Ghent,35615521,Aitolkyn,,Ledeberg,51.03744,3.73978,Entire home/apt,129,2,80,2025-06-09,3.41,1,208,26,
928729981688824925,Live like a local in Ghent (2 bicycles included),24474979,Simon,,Brugse Poort - Rooigem,51.05912,3.70317,Entire home/apt,148,2,6,2024-07-10,0.25,1,189,1,
929049456322417359,Cosy Apartment Gent Center,523933658,Rania,,Binnenstad,51.05971,3.7289,Entire home/apt,97,2,2,2023-08-15,0.09,1,39,0,
929449887733497041,Light-filled bird's nest,670655,Daan,,Brugse Poort - Rooigem,51.06688,3.69758,Entire home/apt,88,3,16,2025-01-05,0.69,1,130,9,
929505806249042493,Maison d’Arnaud,20402939,Arnaud,,Stationsbuurt Zuid,51.0281375,3.7219708,Private room,80,3,7,2025-06-06,0.30,3,167,2,
931005523150812209,Central Charm City House,351820861,Nathan,,Stationsbuurt Noord,51.03417,3.72263,Entire home/apt,,3,11,2024-08-17,0.48,1,0,4,
931082912006658822,Right in the City Center – Your Ghent Getaway,524471591,Laura,,Binnenstad,51.05596,3.72662,Entire home/apt,114,2,57,2025-06-03,2.41,1,123,28,
934156274964439923,"Big en suite room in shared house, big garden",33064430,Jan,,Mariakerke,51.07677,3.70623,Private room,55,3,9,2024-12-31,0.38,2,347,2,
934649466744848434,Lichtrijke kamer nabij stadscentrum Gent,295640158,,,Ledeberg,51.0384734,3.7424971,Private room,,1,26,2024-08-11,1.10,1,0,5,
934796477575520845,The Yellow House,38852455,Bert,,Ledeberg,51.03474,3.74421,Entire home/apt,88,3,26,2024-09-15,1.13,2,38,10,
935131610698597397,Private room in city house,45187310,Erwin,,Stationsbuurt Zuid,51.03164,3.72576,Private room,61,1,0,,,4,10,0,
935137675388546217,Single bed in city center,45187310,Erwin,,Stationsbuurt Noord,51.03185,3.72592,Private room,59,1,2,2023-09-08,0.09,4,10,0,
935143641059880821,City house for 3p,45187310,Erwin,,Stationsbuurt Noord,51.03325,3.72442,Private room,80,1,1,2023-08-13,0.04,4,8,0,
935400013007216214,Wonderful apartment in Ghent city centre,525494517,Maurice,,Binnenstad,51.0555193,3.7264217,Entire home/apt,102,1,96,2025-06-07,4.09,5,158,46,
935400013830004497,Central Ghent 2-Bedroom Haven,525494517,Maurice,,Binnenstad,51.055492,3.7263897,Entire home/apt,104,1,108,2025-06-19,4.60,5,152,46,
935401010194196796,Beautiful apartment in Ghent city centre,525494517,Maurice,,Binnenstad,51.055492,3.7263897,Entire home/apt,104,1,125,2025-05-28,5.29,5,153,49,
935401176524263446,Amazing duplex apartment in Ghent city centre,525494517,Maurice,,Binnenstad,51.055492,3.7263897,Entire home/apt,102,1,79,2025-06-16,3.36,5,155,28,
935401230552331214,Duplex apartment with balcony in Ghent,525494517,Maurice,,Binnenstad,51.055492,3.7263897,Entire home/apt,99,1,93,2025-06-15,3.97,5,158,27,
937504205103723796,Gorgeous apartment with free parking,57067766,Laurence,,Sint Denijs Westrem,51.01858,3.67056,Entire home/apt,,3,6,2025-02-10,0.26,1,65,2,
937797260489624451,Historic Center Apartment – Walk to Everything,57886415,Laura,,Binnenstad,51.05532,3.72652,Entire home/apt,110,2,67,2025-05-02,2.85,1,123,17,
938463283626028841,Loft,15217010,Thang,,Muide - Meulestede - Afrikalaan,51.0774,3.73026,Entire home/apt,105,2,27,2025-06-15,1.16,1,46,10,
938993291412253609,Ruime studio in centrum voor 4,71056582,Magdalena,,Macharius - Heirnis,51.0568655,3.7373861,Entire home/apt,69,2,41,2025-02-16,1.77,1,303,14,
940345986468774958,Moderne Gezinswoning Gent - Wondelgem,527036014,Kevin,,Wondelgem,51.081245,3.711451,Entire home/apt,142,6,2,2024-12-29,0.18,1,72,2,
944668174068474688,Stijlvol app in Gent met open zicht op toplocatie,45923541,Pepijn,,Binnenstad,51.053591993481504,3.7242233883605858,Entire home/apt,203,3,62,2025-06-22,4.05,1,273,47,
946232101290602014,"Room in cosy, green, warm apartment",11007555,Elien,,Dampoort,51.05629,3.74263,Private room,50,3,64,2025-01-21,3.31,2,79,24,
946846978637542138,Leuk appartement in Gent,5094029,Mathieu,,Wondelgem,51.08799,3.7153,Entire home/apt,,5,3,2024-10-24,0.16,1,0,1,
947549411945264319,Bright & spacious 2nd floor,111271051,Liesbet,,Oud Gentbrugge,51.037978,3.7591922,Private room,,1,7,2024-08-13,0.30,1,0,5,
948376628476924421,Intimate studio in Ghent center,529201358,Kelly,,Sluizeken - Tolhuis - Ham,51.06606,3.72728,Entire home/apt,140,2,1,2025-04-13,0.41,2,258,1,
948385220526031123,Cozy Rent Belgium,529204792,Dilcia,,Drongen,51.0428503,3.6425934,Private room,,1,0,,,1,269,0,
948389463653794261,Spacious studio in Ghent center,529201358,Kelly,,Sluizeken - Tolhuis - Ham,51.06605,3.72754,Entire home/apt,150,2,2,2024-11-15,0.18,2,251,2,
948509093992446682,Deluxe,211173758,Ken,,Muide - Meulestede - Afrikalaan,51.06285829999999,3.7374648,Entire home/apt,186,1,215,2025-06-14,9.43,1,331,121,
950609628691549510,Hotel Cour st George,529668759,Hotel,,Binnenstad,51.0546276,3.7262867,Private room,80,1,22,2025-03-16,0.96,1,138,12,
951825489095848899,Cozy apartment,52341746,Nel,,Binnenstad,51.0500331,3.7307722,Entire home/apt,80,13,7,2025-03-16,0.35,1,298,3,
951922622589850562,Ghent by the water,466241106,Caroline,,Watersportbaan - Ekkergem,51.05087741106436,3.710086792065419,Entire home/apt,204,2,10,2025-04-21,0.45,1,266,1,
952029709305980270,´t Kasteeltje,96565936,Veerle,,Stationsbuurt Zuid,51.03361537053019,3.713434065606682,Entire home/apt,,2,48,2025-06-08,2.13,1,1,15,
952184896084792296,Design loft in centrum Gent,530283400,Ann,,Binnenstad,51.04259,3.72121,Entire home/apt,165,3,81,2025-06-20,3.83,1,218,58,
954065274906937253,Penthouse Gent,529363370,WBuild,,Binnenstad,51.0389663,3.7354942,Entire home/apt,,28,0,,,2,15,0,
956932411602076653,Duplex appartement in historisch Gent,21761356,Leen,,Sluizeken - Tolhuis - Ham,51.05878,3.71974,Entire home/apt,,4,35,2025-02-03,1.87,1,0,14,
957321380702509891,Nr 1 Yellow House,38852455,Bert,,Ledeberg,51.035982033671644,3.743853733729572,Entire home/apt,,2,6,2024-02-11,0.29,2,0,0,
962998570496913199,Room in the Lions House,432620677,Dieter,,Sint Denijs Westrem,51.02382,3.67234,Private room,,2,66,2024-08-24,3.02,1,0,2,
965682497567482931,Artist's Garden,83766425,Erik,,Elisabethbegijnhof - Papegaai,51.04759,3.71859,Entire home/apt,124,1,3,2023-11-26,0.14,4,250,0,
966594791300297706,Kamer te huur in rijhuis.,149047272,Jeltse,,Ledeberg,51.02926,3.74506,Private room,92,2,7,2025-02-02,0.32,1,161,1,
968728699860698164,Kamer dichtbij centrum Gent,534475995,Parishan,,Bloemekenswijk,51.07071,3.69572,Private room,52,2,43,2025-05-26,2.29,1,247,29,
969497934734586788,Maison d’Arnaud,20402939,Arnaud,,Stationsbuurt Zuid,51.0281375,3.7219708,Private room,74,2,12,2025-06-21,0.55,3,151,8,
974356125889497727,"WINGS
Gezellige stijlvolle studio",535758664,Hilde,,Dampoort,51.0496822,3.7471446,Entire home/apt,51,3,69,2025-06-18,3.21,1,14,31,
974494746933844239,Charmante duplex,480273331,Filip,,Dampoort,51.04900080315878,3.749651491723348,Entire home/apt,,5,6,2024-12-28,0.28,1,5,4,
975156947438135035,Romantisch appartement,97753032,Jilles,,Elisabethbegijnhof - Papegaai,51.0558139,3.720342,Entire home/apt,134,1,139,2025-06-22,6.95,1,328,72,
977300377324199432,Unieke loft in Gent,9724277,Emma,,Sint Amandsberg,51.0692529,3.7474473,Entire home/apt,,1,0,,,1,0,0,
977927038005435117,Cosy apartment in city center,173168610,Mathilde,,Binnenstad,51.05091,3.73324,Entire home/apt,75,20,12,2025-05-24,0.60,1,86,5,
978184318522689822,Net gerenoveerd huis,169271513,Eline,,Watersportbaan - Ekkergem,51.04472,3.7149,Private room,95,2,11,2025-06-01,0.51,1,83,4,
979038900542393917,Big room in house full of light,149928642,Naomi,,Wondelgem,51.08886,3.71912,Private room,,4,14,2025-06-09,1.44,1,3,14,
979063033368506062,Lovely Garden view apartment,178179223,Chiranth,,Zwijnaarde,51.00843,3.70016,Entire home/apt,,1,16,2025-06-14,0.89,1,0,8,
979404012330876318,Gezellige studio centrum Gent,114124939,Karen,,Elisabethbegijnhof - Papegaai,51.05211012525124,3.7159528210759163,Entire home/apt,106,2,94,2025-06-21,4.55,1,148,63,
979635215418892132,Luxury  Yacht Ghent,500315063,Lauren,,Binnenstad,51.04779,3.72043,Entire home/apt,135,1,0,,,3,89,0,
983019952620233703,Appartement met groot terras,29438619,Janis,,Binnenstad,51.0464339,3.7222607,Entire home/apt,291,2,18,2025-05-01,1.17,1,314,10,
983928116928877037,Appartement in Gent - Museum Hub,476360780,Valerie,,Stationsbuurt Noord,51.03624,3.71671,Entire home/apt,,1,26,2025-06-09,1.23,4,0,22,
984120217283828691,Cozy flat for mature adult(s).,50835941,Alexandra,,Macharius - Heirnis,51.04777,3.74117,Entire home/apt,44,7,11,2024-10-06,0.98,1,17,11,
984526698200592089,New Haven @Mayflower,538013010,Jo,,Sint Denijs Westrem,51.0233853,3.6963796,Entire home/apt,70,2,13,2024-12-02,0.63,1,83,4,
984603012528702687,Urban Oasis for 4 in Ghent's Vibrant Centre,487809631,Eduard,,Elisabethbegijnhof - Papegaai,51.05807,3.71861,Entire home/apt,106,1,138,2025-06-19,6.46,3,155,78,
986178164914858650,Kamer in charmante woning,331964383,Sofie,,Gentbrugge,51.04216,3.76679,Private room,,1,15,2023-12-10,0.71,1,0,0,
987753102680363389,Authentiek verblijf in centrum,53051739,Sofie,,Elisabethbegijnhof - Papegaai,51.0498827,3.7188528,Private room,,2,42,2025-06-01,2.06,1,0,25,
988916619495862388,Open studio wandelafstand centrum Gent+parkeerplek,480134178,Louise,,Sluizeken - Tolhuis - Ham,51.0632153,3.725221299999999,Entire home/apt,76,2,42,2025-06-09,3.13,3,152,40,
989310746586895524,The Cover: slaapzaal boven café in centrum Gent.,539116642,Maxim,,Binnenstad,51.05804,3.7262,Private room,,1,11,2025-05-04,0.54,2,362,7,
989625799399617876,Stu@pp Gent,374638848,Miguel &Amp; Eve,,Binnenstad,51.0555458,3.7294133,Entire home/apt,48,28,7,2025-06-08,0.38,1,238,5,
989705529311183053,Cozy staying in Ghent,45352363,,,Dampoort,51.05437,3.74244,Entire home/apt,,1,4,2023-12-10,0.19,1,0,0,
990610366037830605,Beautifull spacious apartment,2688943,Nosheen,,Binnenstad,51.0436,3.73106,Entire home/apt,300,2,0,,,3,321,0,
992618716325267979,FREE bikes + Romantic room near center,31354851,Elke,,Brugse Poort - Rooigem,51.06113,3.69236,Private room,61,3,46,2025-06-09,2.97,3,6,22,
993267233036490917,Sunny and authentic 1 bedroom apartment,203761345,Delfien,,Stationsbuurt Noord,51.0392721,3.713912,Entire home/apt,82,1,2,2025-06-01,1.54,1,3,2,
993463993634704425,A carbon neutral house in a landscaped park,3438311,Andre,,Wondelgem,51.09225,3.71612,Entire home/apt,179,7,17,2025-06-14,0.95,4,238,12,
993840164251786585,"Apartment in Ghent, including parking.",90455375,Baptist,,Watersportbaan - Ekkergem,51.04808,3.711,Entire home/apt,,2,16,2024-07-27,0.78,1,0,3,
994233851183784661,Alex Studio,250468687,Alex,,Sint Amandsberg,51.07465,3.74596,Entire home/apt,83,1,13,2024-07-28,0.72,1,179,2,
994237821764561004,Luxury 150m2 penthouse in Ghent,97262741,Laurens,,Sint Denijs Westrem,51.01724,3.66583,Entire home/apt,115,2,6,2025-02-09,0.29,1,23,2,
995734993137962614,Hip Gents appartement,120191237,,,Watersportbaan - Ekkergem,51.0426963,3.7166193,Entire home/apt,63,3,0,,,1,355,0,
998493427334677719,Huswell - The Boutique' Studio in centrum Ghent,472694401,Jean-Paul,,Elisabethbegijnhof - Papegaai,51.0543177,3.7167701,Entire home/apt,110,2,5,2025-04-20,0.28,34,312,3,
998493479875055635,Huswell - Central 'The Crown' apartment in Ghent,472694401,Jean-Paul,,Elisabethbegijnhof - Papegaai,51.05432,3.71677,Entire home/apt,139,2,19,2025-06-01,0.93,34,337,9,
998493521421207454,Huswell - The Jungle' Studio in the heart of Ghent,472694401,Jean-Paul,,Elisabethbegijnhof - Papegaai,51.0543177,3.7167701,Entire home/apt,92,2,25,2025-06-05,1.26,34,340,14,
999991909755790694,Fully equipped apartment,541408428,Davy,,Elisabethbegijnhof - Papegaai,51.0541826,3.7167282,Entire home/apt,86,2,89,2025-06-22,4.36,1,281,64,
1004846823211852396,Gezellige privé studio vlak bij het oude centrum,65578693,Geraldine,,Sluizeken - Tolhuis - Ham,51.06629,3.72648,Entire home/apt,83,1,65,2025-06-22,3.29,2,251,48,
1004910876582768815,Basic bedroom,480690466,Timothy,,Binnenstad,51.04384440000001,3.735582588360602,Private room,,1,0,,,1,0,0,
1006875744011153367,Gezellig appartement in Gent,84692401,Nastassia,,Stationsbuurt Noord,51.04059,3.71449,Entire home/apt,156,2,41,2025-06-19,2.15,1,21,28,
1007107161563112119,Penthouse Gent,529363370,WBuild,,Binnenstad,51.03961,3.73616,Entire home/apt,84,30,0,,,2,263,0,
1007111132194560329,Margriet Apart-Suites - One-Bedroom Apartment 2A,366331397,Jamila,,Sluizeken - Tolhuis - Ham,51.05902,3.72032,Entire home/apt,193,1,17,2025-04-03,0.95,3,128,14,
1007857111519863877,Apartment in Ghent,79228841,Bruno De Meyer,,Sluizeken - Tolhuis - Ham,51.06526,3.73007,Entire home/apt,118,24,8,2025-04-22,0.41,1,170,3,
1008038249681594763,mooie romantische kamer in een rustige villa,506637259,Semen,,Mariakerke,51.0813272,3.6919356,Private room,106,1,10,2025-04-27,0.58,2,267,6,
1009064321534006125,Charmant Gents app: alle comfort & vlot bereikbaar,246803446,Donald,,Dampoort,51.05,3.74515,Entire home/apt,59,30,10,2025-05-31,0.68,10,266,5,
1009233708742231625,Lichtrijke kamer vlak bij het oude centrum,65578693,Geraldine,,Sluizeken - Tolhuis - Ham,51.06587316946799,3.7269535660743713,Private room,57,1,167,2025-06-21,8.61,2,292,109,
1010775602258055050,Bohemian city loft,11729717,Inge,,Elisabethbegijnhof - Papegaai,51.05097,3.71131,Entire home/apt,124,2,3,2023-12-28,0.16,2,99,0,
1011325582188355909,Cosy art studio near station with bikes and garden,87297618,Maxime,,Stationsbuurt Zuid,51.0272794,3.70841,Entire home/apt,95,1,62,2025-05-05,3.14,1,82,12,
1011529040768392618,The Cover: slaapzaal boven café in centrum Gent.,539116642,Maxim,,Binnenstad,51.05648,3.726,Private room,423,1,25,2025-06-08,1.35,2,259,15,
1012773568209573145,Central Charming Ghent Getaway for 2,535120865,Charles,,Binnenstad,51.048542495989146,3.727515576779785,Entire home/apt,91,2,91,2025-06-21,4.62,1,159,59,
1012880537905600010,Gezellige rustige villa,506637259,Semen,,Mariakerke,51.08022,3.69153,Private room,88,1,2,2025-04-29,0.23,2,81,2,
1013139687224524313,Huis in de Moestuinstraat,31545126,Patrick,,Sluizeken - Tolhuis - Ham,51.06084816788273,3.728279869311528,Entire home/apt,190,2,51,2025-06-08,2.55,1,207,28,
1013665450431722314,Boetiekstudio Charles in centrum,4434842,Simon & Robin,,Watersportbaan - Ekkergem,51.04747,3.70834,Entire home/apt,84,2,112,2025-06-23,7.06,2,139,84,
1014315592433481000,Centrum gent met 2 parkeerplaatsen! 2 kamers,99461724,Michelle,,Elisabethbegijnhof - Papegaai,51.0511863,3.7179967,Entire home/apt,207,3,7,2025-01-02,0.65,1,35,7,
1015694026079624597,Spacious apartment close to the heart of Ghent,142658001,Jochen,,Ledeberg,51.03319,3.7386,Entire home/apt,,1,15,2025-05-21,0.76,1,0,10,
1017276039435511937,Calm place - cozy room,17400830,Eva,,Oud Gentbrugge,51.0384885,3.7569921,Private room,30,3,54,2025-06-10,2.79,1,50,29,
1017460327525010467,Casa Branka,544913695,Anthony,,Watersportbaan - Ekkergem,51.05098,3.70527,Entire home/apt,,2,6,2024-06-02,0.38,1,0,0,
1019343502417200911,Appartement aan het Gravensteen,366331397,Jamila,,Binnenstad,51.05814,3.72042,Entire home/apt,199,1,62,2025-05-24,3.39,3,151,48,
1019419410023192358,Modern appartement Gent centrum,366331397,Jamila,,Binnenstad,51.05839,3.72122,Entire home/apt,185,1,10,2025-05-31,0.70,3,150,8,
1020228781716727995,Huis in Gent,22811749,Loic,,Rabot  - Blaisantvest,51.06611,3.72013,Entire home/apt,,2,3,2025-03-09,0.16,1,0,2,
1023222920512883028,Sfeervolle woning te huur,21697191,Justine,,Brugse Poort - Rooigem,51.05866,3.70282,Entire home/apt,119,2,3,2025-01-04,0.17,1,238,1,
1023797904492883899,The mancave,103304625,Frank,,Sint Denijs Westrem,51.0103985,3.6597867,Entire home/apt,159,1,20,2025-06-01,1.11,1,229,17,
1024295665571430045,Warm en groen appartement,11007555,Elien,,Dampoort,51.05692829988246,3.741511342792969,Entire home/apt,66,7,0,,,2,85,0,
1024369229956852020,Luxueus Skyline Appartement in Gent,38316094,Jeroen,,Stationsbuurt Noord,51.03609,3.7156,Entire home/apt,114,3,19,2025-06-01,1.00,1,292,12,
1025320744831340164,Chic 3-BR Oasis in Ghent: Stylish Interiors,502108298,Eduardo,,Dampoort,51.0497,3.74819,Entire home/apt,111,1,77,2025-06-20,3.94,7,149,40,
1025991914322239369,Gezellig en comfortabel kattenhuis,69383598,Ann,,Bloemekenswijk,51.0670578,3.708249299999999,Private room,54,2,27,2025-06-01,1.44,1,294,13,
1029822458565798294,Ruime kamer in gedeeld huis in centrum Gent,542519844,,,Sluizeken - Tolhuis - Ham,51.06088,3.72586,Private room,,1,5,2024-08-19,0.30,1,0,1,
1031686176411017080,Wonderful central 2BR Ghent apt w/ view on Leie,502108298,Eduardo,,Binnenstad,51.05009,3.72924,Entire home/apt,85,1,116,2025-06-16,6.20,7,130,62,
1037478090900409889,Apartment with a beautiful view and big room!,498291919,Nassima,,Binnenstad,51.04253,3.73531,Private room,55,1,12,2025-01-03,0.71,2,342,7,
1038392611019734456,Cosy appartement centrum Gent,349615325,Jonas,,Watersportbaan - Ekkergem,51.05119620000001,3.7097236,Entire home/apt,,1,4,2024-02-04,0.22,2,0,0,
1039598756645898423,Moderne luxe: stadsleven met terras & stadstuin,489936546,Remi,,Stationsbuurt Zuid,51.03353,3.7115,Entire home/apt,115,2,91,2025-06-21,4.90,12,338,58,
1039715644274760898,Duplex in hartje centrum Gent voor 4 personen,364455800,Lien,,Binnenstad,51.05585,3.72466,Entire home/apt,102,2,53,2025-06-01,2.96,3,345,38,
1041075404972857123,"Modern home near Ghent: Easy Access, Ideal Living",502108298,Eduardo,,Stationsbuurt Zuid,51.0281569,3.7187935,Entire home/apt,118,1,53,2025-06-21,2.82,7,121,32,
1041437164580854999,Bright modern house close to City Center Ghent,20482518,Lot,,Brugse Poort - Rooigem,51.05892,3.69711,Entire home/apt,60,4,9,2025-03-05,0.50,2,89,4,
1041799568427361949,Verblijf in luxe in Gent: duplex met alle comfort,433406858,Donald,,Stationsbuurt Zuid,51.0335,3.71142,Entire home/apt,128,2,22,2025-03-31,1.54,7,117,18,
1045106143782450347,City loft - water view,484161481,Ruben,,Binnenstad,51.0466199,3.729009699999999,Entire home/apt,88,3,6,2025-05-12,0.33,1,314,4,
1047188976966507589,Apartfive,478724822,Gokhan,,Binnenstad,51.0458748,3.7222148,Entire home/apt,88,1,104,2025-06-10,5.66,1,70,62,
1047767278598531452,Stijlvol appartement in Gent (Maple Garden),282312725,Paul,,Nieuw Gent - UZ,51.02426,3.71956,Entire home/apt,53,30,2,2024-05-15,0.12,1,135,0,
1049349273513953135,Rustige kamer nabij stadscentrum,286248503,Guido,,Dampoort,51.05052,3.74904,Private room,52,2,60,2025-06-10,3.25,1,309,32,
1055022055983800103,Atelier d'Arthur @ B&B The Verhaegen,20636358,Marc,,Elisabethbegijnhof - Papegaai,51.0519472,3.716843799999999,Private room,383,1,1,2024-05-10,0.07,6,208,0,
1055891880110174648,One Two Four Hotel & Spa,552963509,Rodney,,Binnenstad,51.0474422,3.724222,Private room,,1,0,,,1,0,0,
1057758444455431669,Rijhuis op 1 km van Gravensteen,56244157,Marieke,,Rabot  - Blaisantvest,51.06442,3.70635,Entire home/apt,,1,11,2024-03-31,0.63,1,0,0,
1058601057372269215,Cosy Corner,451440540,An,,Sluizeken - Tolhuis - Ham,51.06217849999999,3.7177298,Private room,,2,1,2024-05-12,0.07,1,0,0,
1059254961031410370,Duplex Apartment on toplocation,104632070,Glenn,,Elisabethbegijnhof - Papegaai,51.048860310472875,3.719596266746521,Entire home/apt,160,2,62,2025-06-01,3.63,2,291,44,
1060500917625548944,Charmant rijhuis stationsbuurt Gent,554130778,Lies,,Stationsbuurt Zuid,51.0282622,3.7199726,Entire home/apt,90,5,7,2024-06-30,0.40,1,106,1,
1060749074348397950,Casa Juliano,119632387,Gilbert,,Mariakerke,51.07364,3.67715,Entire home/apt,161,3,55,2025-06-09,3.40,2,285,39,
1060816368744693881,Huswell - Spacious apartment with nice terrac,472694401,Jean-Paul,,Muide - Meulestede - Afrikalaan,51.07396,3.72889,Entire home/apt,157,2,9,2025-04-18,0.54,34,225,5,
1061701847421319006,Kamer in Gent bij Rieke,90081128,Rieke,,Brugse Poort - Rooigem,51.05698,3.70072,Private room,58,2,28,2025-06-09,1.64,1,130,18,
1062432355880504457,Casa Leni,554706160,Elke,,Drongen,51.04071,3.66893,Entire home/apt,169,1,69,2025-06-01,4.07,1,259,28,
1064233896260916809,Cozy Ghent Studio for 4 Guests,554157059,Eduard,,Binnenstad,51.0488333,3.7209557,Entire home/apt,53,1,108,2025-06-21,6.21,2,158,77,
1064601424337832815,Agelandkaai (.be) Gratis Parking,1203507,Jurgen,,Macharius - Heirnis,51.0566756,3.7379697,Entire home/apt,213,5,0,,,3,176,0,
1066560734683237973,Stijlvol huis in de groene long van Gent,92023195,Leen,,Drongen,51.05733,3.65184,Entire home/apt,133,2,36,2025-06-18,2.73,1,102,34,
1069592839937358410,Privéslaapkamer en badkamer in Gent.,194919090,Hanne,,Brugse Poort - Rooigem,51.05944,3.69869,Private room,75,2,12,2025-05-04,0.70,1,2,7,
1070267658820345553,Room for 2 in the heart of Gent,21336015,Andre,,Binnenstad,51.0569,3.73098,Private room,75,2,26,2025-06-22,1.66,1,76,21,
1070992853311349431,Cosy apartment in Gent,557065167,Ali,,Muide - Meulestede - Afrikalaan,51.07912,3.72898,Entire home/apt,132,2,4,2024-05-20,0.23,1,85,0,
1071840517462178522,Cozy appartment in the centre,28561745,Paulien,,Dampoort,51.04948,3.7452,Entire home/apt,,2,4,2024-02-25,0.24,1,0,0,
1071842269041715682,urban haven retreat,452518603,Markjoli,,Elisabethbegijnhof - Papegaai,51.049932,3.712224,Entire home/apt,85,2,2,2025-06-21,2,1,164,2,
1072453315346258534,House in Ghent,23590311,Pascal,,Elisabethbegijnhof - Papegaai,51.05372990000002,3.71629404232789,Entire home/apt,116,2,59,2025-06-24,3.59,1,260,38,
1076836813406330373,Privékamer in gezellig huis met gedeelde badkamer,64189072,Lobke,,Ledeberg,51.03774,3.74876,Private room,53,2,9,2025-06-22,2.97,2,146,9,
1076851341514748156,Ruime kamer met privédouche,64189072,Lobke,,Oud Gentbrugge,51.03899,3.75056,Private room,51,1,19,2025-03-22,1.36,2,141,8,
1079710136457547710,Appartement met prachtig zicht!,104632070,Glenn,,Elisabethbegijnhof - Papegaai,51.048811833254994,3.7196069955825806,Entire home/apt,99,2,68,2025-06-22,4.43,2,220,57,
1081057515995982484,Gezellige rijwoning in een rustige straat,3845880,Wouter,,Gentbrugge,51.0334,3.76359,Private room,70,4,1,2024-05-12,0.07,1,269,0,
1081801991934622136,Huswell - Luxurious apartment near the city-centre,472694401,Jean-Paul,,Stationsbuurt Zuid,51.0296,3.71684,Entire home/apt,194,2,13,2025-05-17,0.79,34,292,9,
1081836661527372961,Huswell - Bright apartment with terrace in heart o,472694401,Jean-Paul,,Binnenstad,51.0490472,3.727146799999999,Entire home/apt,121,2,14,2025-04-17,0.86,34,250,9,
1081850472511605432,Huswell - Posh apartment with city view,472694401,Jean-Paul,,Binnenstad,51.0490472,3.727146799999999,Entire home/apt,110,2,24,2025-05-26,1.48,34,274,18,
1082008971613435397,Huswell - Romantic getaway with terrace in Ghent,472694401,Jean-Paul,,Binnenstad,51.04905,3.72715,Entire home/apt,131,2,11,2025-05-05,0.79,34,317,9,
1082707928601351734,Unieke loft dicht bij Gent,152299817,Kristof,,Drongen,51.05899580000001,3.6387456,Entire home/apt,115,2,47,2025-06-16,3.07,2,110,34,
1083141574608230205,One Bedroom Suite in the heart of the city,232120143,Caroline,,Binnenstad,51.05235,3.72219,Entire home/apt,153,1,0,,,3,220,0,
1083150600800998768,Maison d'Arnaud,20402939,Arnaud,,Stationsbuurt Zuid,51.0281375,3.7219708,Private room,74,5,25,2025-05-25,1.59,3,144,18,
1083164824066367678,Beautiful Suite in the center of the city,232120143,Caroline,,Binnenstad,51.05278,3.7237,Entire home/apt,162,1,1,2024-07-07,0.08,3,212,1,
1083167486484596353,Suite with terrace in city center,232120143,Caroline,,Binnenstad,51.05255,3.72219,Entire home/apt,170,1,1,2024-02-25,0.06,3,220,0,
1085422677045113281,Rustgevende uitvalsbasis hartje Gent,282724798,Bram,,Elisabethbegijnhof - Papegaai,51.0525508223656,3.718431182205677,Private room,62,1,46,2025-06-18,2.83,1,58,32,
1085980850722397027,RAW lodge,87971643,,,Muide - Meulestede - Afrikalaan,51.062382000595235,3.736433833837509,Private room,120,1,62,2025-06-22,4.51,1,350,51,
1088324466072194691,Luxe appartement met gezellige tuin!,561035162,Olivier Stephan,,Stationsbuurt Noord,51.0343,3.71489,Entire home/apt,186,1,24,2025-04-21,1.45,3,42,16,
1089075501481203533,Charming deteched house 15 min from city center,24501376,Orsi,,Gentbrugge,51.03111141349661,3.7634275997749596,Entire home/apt,135,1,0,,,1,269,0,
1090248791063989216,Zonnig nieuw gezinsappartement vlakbij Dampoort,4959838,Farah,,Macharius - Heirnis,51.05097,3.74243,Entire home/apt,209,2,13,2025-06-01,0.88,1,100,8,
1091033201322675221,Huswell - Beautiful apartment on top location in G,472694401,Jean-Paul,,Binnenstad,51.0581977,3.7208938,Entire home/apt,121,2,25,2025-06-15,1.59,34,338,19,
1091064700580257778,"De Wijngaard, a unique complete house for 6 people",9801533,Maarten,,Elisabethbegijnhof - Papegaai,51.048845,3.718331,Entire home/apt,365,1,43,2025-06-15,2.69,3,297,29,
1091240494665314722,Huswell - Apartment with large terrace in the city,472694401,Jean-Paul,,Binnenstad,51.0582,3.72089,Entire home/apt,171,2,37,2025-06-16,2.32,34,320,32,
1091911652437656562,Beautiful studio in Ghent,562157552,Hans,,Elisabethbegijnhof - Papegaai,51.04996,3.71788,Entire home/apt,79,2,92,2025-06-09,5.76,1,354,64,
1092484274738522113,"Cozy house near nature reserve, minutes from Ghent",341432764,Matthias,,Mariakerke,51.0677941,3.6682755,Entire home/apt,123,14,0,,,1,78,0,
1094101643309603739,Boutique studio Henri in centre,4434842,Simon & Robin,,Watersportbaan - Ekkergem,51.0480683,3.7074629,Entire home/apt,88,2,112,2025-06-22,7.23,2,105,85,
1094161864863114774,Dockside Loft,13829824,Francis,,Muide - Meulestede - Afrikalaan,51.07745896508379,3.728078082203865,Entire home/apt,102,7,8,2025-04-28,0.58,7,24,7,
1094858638998577845,Huswell - Pleasant apartment on top location in Gh,472694401,Jean-Paul,,Sluizeken - Tolhuis - Ham,51.05833,3.72044,Entire home/apt,186,2,26,2025-06-21,1.65,34,344,20,
1094909246749717626,Cosy room,506415400,Ahmed,,Dampoort,51.0568727,3.743902499999999,Private room,64,2,0,,,1,297,0,
1096253412266744686,Cosy house in Afsnee,18848516,Inge,,Sint Denijs Westrem,51.03041,3.66711,Entire home/apt,225,2,15,2025-06-01,0.98,1,147,10,
1096254462794274389,Luxury Leie View,500315063,Lauren,,Watersportbaan - Ekkergem,51.04213,3.71602,Entire home/apt,106,2,6,2024-10-31,0.38,3,6,4,
1096343187701598066,Stunning 2-BR Apt in Ghent,563195246,Sasha,,Binnenstad,51.05648,3.72118,Entire home/apt,133,1,91,2025-06-20,5.77,2,135,71,
1097000570972833867,Old Jarl,348056916,Katrien,,Sluizeken - Tolhuis - Ham,51.059797577213466,3.7305782907379115,Private room,64,2,29,2025-06-02,1.87,1,193,18,
1097080285752833524,Privé studio,139715560,Erick,,Oud Gentbrugge,51.04162,3.74439,Private room,64,1,1,2024-05-12,0.07,3,202,0,
1098318695946664237,Kamer in een studentenhuis,518123726,,,Brugse Poort - Rooigem,51.05677,3.70752,Private room,34,3,0,,,1,141,0,
1099269250287455721,"Ghent Belgium, big house with garden close to city",34181232,Stijn,,Gentbrugge,51.03571,3.76654,Entire home/apt,163,5,2,2025-04-12,0.18,1,92,2,
1099843055316173187,Flat 5 min from centrum of Gent,562087282,Anna,,Binnenstad,51.05901,3.7261,Entire home/apt,96,1,0,,,1,198,0,
1102027763442783792,FREE bikes + Sunny room near center,31354851,Elke,,Brugse Poort - Rooigem,51.05904,3.69201,Private room,53,3,43,2025-06-08,2.79,3,9,19,
1102097861094448418,Gezellige kamer met sauna in Gent,43012708,Giel,,Muide - Meulestede - Afrikalaan,51.08588,3.72706,Private room,65,1,58,2025-06-22,4.11,1,163,46,
1106233999402225352,Private room,99895578,Delphine,,Sint Denijs Westrem,51.027136239522,3.6696591175179103,Private room,,1,3,2025-02-28,0.38,1,0,3,
1111375518798560294,Huswell - Retro apartment with cozy city garden,472694401,Jean-Paul,,Sluizeken - Tolhuis - Ham,51.0625,3.72871,Entire home/apt,110,2,9,2025-02-17,0.66,34,145,5,
1111375657665761034,Huswell - Characterful apartment in central Ghent,472694401,Jean-Paul,,Sluizeken - Tolhuis - Ham,51.06246,3.72873,Entire home/apt,107,2,1,2024-07-30,0.09,34,102,1,
1111375799671362950,Huswell - Cozy retro apartment in Ghent,472694401,Jean-Paul,,Sluizeken - Tolhuis - Ham,51.0625,3.72872,Entire home/apt,107,2,6,2025-05-04,0.50,34,87,6,
1112184806029791194,The Tower,24224181,Soraya,,Macharius - Heirnis,51.05089,3.74244,Entire home/apt,168,3,26,2025-06-15,1.78,2,149,21,
1114451945379863390,Ruim en lichtrijk appartement centrum Gent,148429900,Jade,,Watersportbaan - Ekkergem,51.04353,3.71299,Entire home/apt,,3,39,2025-05-19,2.68,1,0,33,
1117100867273821933,Ons huisje,130247703,Liza,,Muide - Meulestede - Afrikalaan,51.0806086,3.7307147,Entire home/apt,106,5,4,2025-04-15,0.27,1,7,2,
1118039296876008083,Splendid  Duplex in Ghent's Heart,563195246,Sasha,,Binnenstad,51.05648,3.72118,Entire home/apt,133,1,81,2025-06-09,5.39,2,166,63,
1120346307789911006,La Maison Bleue - chambre DEUX,384806549,Ellen,,Elisabethbegijnhof - Papegaai,51.0532,3.71812,Private room,81,1,131,2025-06-19,9.38,3,32,115,
1121618673054294267,Duplex in vernieuwde apothekerswoning.,567064544,Ward,,Brugse Poort - Rooigem,51.0641309,3.6933966,Entire home/apt,,3,29,2024-12-30,1.99,1,0,15,
1121630604192127294,Tichelrei - TIKL,546283086,Pieter,,Sluizeken - Tolhuis - Ham,51.0622,3.72416,Entire home/apt,254,2,30,2025-06-15,2.20,1,341,26,
1123824405876152062,Q gastenverblijf,569698052,Quirijn,,Binnenstad,51.0559081,3.7277673,Entire home/apt,,5,14,2025-05-20,0.97,1,0,11,
1123849108196777894,Soul Avenue,348887597,Ludo En Liesbet,,Binnenstad,51.05159,3.73188,Entire home/apt,75,2,12,2024-09-01,1.01,4,21,12,
1125175845054699844,Stijlvolle rijhuis in Gent,11565685,Maria Cruz,,Macharius - Heirnis,51.04537831892951,3.741806442327884,Entire home/apt,220,6,2,2024-04-28,0.13,1,117,0,
1127476197551403099,Ark Shelter in nature near Ghent (12km),73075441,Mona,,Binnenstad,51.04553,3.72385,Entire home/apt,95,2,34,2025-06-22,2.58,1,328,32,
1129743470566130209,A cozy and neat bedroom.,571080164,Fatima,,Rabot  - Blaisantvest,51.0674068,3.7234805,Private room,,1,4,2024-07-28,0.27,1,0,2,
1129837803833372532,"Jungle in the city, penthouse",449669801,Donia,,Binnenstad,51.05733,3.72469,Entire home/apt,115,1,40,2025-06-09,3.17,1,105,39,
1130914079931391022,Art-deco woning Gent,8492343,Victor,,Ledeberg,51.03311,3.74103,Entire home/apt,418,2,9,2025-06-22,0.74,1,28,8,
1131053654649880022,2 slaapkamer flat nabij centrum + gratis fietsen,31354851,Elke,,Brugse Poort - Rooigem,51.06078,3.69216,Entire home/apt,150,3,8,2025-02-10,0.71,3,227,8,
1132330455776007489,A nice studio in Gent,571712648,Zeinab,,Stationsbuurt Zuid,51.02906,3.72625,Entire home/apt,75,1,0,,,1,267,0,
1133895042172451198,"Newly renovated studio, nearby center of Ghent",11139138,Benjamin,,Dampoort,51.0504,3.74845,Entire home/apt,62,2,23,2025-06-08,1.72,1,128,19,
1134591358431600703,2 BR waterfront w/ sundeck & parking Top location!,19100247,Petrus,,Binnenstad,51.0493477,3.7251963,Entire home/apt,250,2,39,2025-06-10,2.91,1,101,35,
1134619103506374162,Guest room in villa with pool near Ghent,109088542,Sophie,,Sint Denijs Westrem,51.01773499999999,3.6899366,Private room,58,2,8,2025-06-22,0.71,2,91,8,
1134657937752767040,Renovated villa+pool near Ghent,109088542,Sophie,,Sint Denijs Westrem,51.01757301665805,3.69002243068846,Entire home/apt,250,6,1,2024-08-17,0.10,2,48,1,
1137422529920503203,Family  Studio Duplex Ghent A302,462200322,Edward,,Stationsbuurt Noord,51.03673,3.73073,Entire home/apt,99,1,2,2024-10-06,0.20,7,252,2,
1137512158087524009,Edville Studio Ghent A201,462200322,Edward,,Stationsbuurt Noord,51.03671,3.73048,Entire home/apt,84,1,4,2024-08-14,0.28,7,180,1,
1137532117661105700,Edville Studio Ghent A102,462200322,Edward,,Binnenstad,51.03695,3.73115,Entire home/apt,84,1,3,2024-05-07,0.21,7,195,0,
1137583007938149448,Duplex with terrace Ghent A305,462200322,Edward,,Stationsbuurt Noord,51.03691,3.73011,Entire home/apt,99,1,4,2025-05-01,0.37,7,177,4,
1138221549400101805,Duplex studio with terrace A306,462200322,Edward,,Stationsbuurt Noord,51.03812,3.72941,Entire home/apt,99,1,3,2024-08-19,0.23,7,184,2,
1139111054198853613,Warme kamer in Gent,573312591,Sanne,,Sint Amandsberg,51.0674277,3.751285999999999,Private room,58,1,29,2025-05-18,2.06,1,6,23,
1139920748469906502,Private room with  double bed and private  shower,573492819,Sherif,,Brugse Poort - Rooigem,51.05906909999999,3.7026031,Private room,59,1,23,2025-06-08,2.40,1,203,23,
1142083710122514001,Bright room with kitchen near center,95076178,Ehsan,,Brugse Poort - Rooigem,51.05642,3.70305,Private room,52,2,40,2025-02-10,2.84,3,347,28,
1142089025375811826,Funky Basement,348887597,Ludo En Liesbet,,Binnenstad,51.05069,3.73277,Entire home/apt,95,2,15,2024-08-26,1.26,4,34,15,
1143323386128297659,Duplex studio Gent A301 (2-4p),462200322,Edward,,Binnenstad,51.03833,3.73007,Entire home/apt,99,1,2,2024-09-20,0.15,7,161,1,
1144769499884871963,Bel-étage home close to Ghent city center,71547093,Tim,,Oud Gentbrugge,51.04514,3.74825,Entire home/apt,105,3,0,,,1,313,0,
1145454008202680635,Gezellig appartement Gent,299301664,Camille,,Sluizeken - Tolhuis - Ham,51.06167,3.73274,Entire home/apt,86,7,0,,,1,269,0,
1146361789967271830,Modern Ghent Apartment: Garden View & Terrace,229193277,Matthias,,Stationsbuurt Noord,51.03997238242879,3.711585099999981,Entire home/apt,121,2,81,2025-06-09,5.93,2,238,69,
1147089723915088001,Ruim licht appartement Scaldis,515156225,Carl,,Binnenstad,51.05411,3.73015,Entire home/apt,81,24,1,2024-11-02,0.13,3,204,1,
1150536014876064050,Duplex studio Gent A304 (2p -4P),462200322,Edward,,Binnenstad,51.03761893753136,3.7308014650817967,Entire home/apt,99,1,12,2025-05-11,0.95,7,185,11,
1150659979810932154,"Studio, Koepoortkaai",3898703,Annelies,,Binnenstad,51.05233,3.73282,Entire home/apt,,7,5,2024-09-21,0.45,1,7,5,
1151214400743031438,Ruime kamer in kleurrijke woning,54744713,Lotte,,Dampoort,51.05292,3.74824,Private room,58,2,29,2025-06-22,2.12,1,152,23,
1151256841867576926,Charmant appartement in centrum Gent,231278489,Michiel,,Binnenstad,51.0470135,3.7218315,Entire home/apt,120,2,72,2025-06-20,6.07,1,98,72,
1152908326909497674,"Premium room, G/F, garden view, private bathroom",1857887,,,Binnenstad,51.0385375,3.72827,Private room,37,30,0,,,10,290,0,
1153088923668981097,Opera Boutique Rooms ~ Verdi,576732886,Tom,,Binnenstad,51.0498769,3.7219249,Entire home/apt,121,1,18,2025-06-13,1.48,4,150,18,
1153292324819812434,"Luxury room, 1/F, city view, private bathroom",1857887,,,Binnenstad,51.0385375,3.72827,Private room,48,60,0,,,10,364,0,
1153328520451268028,Casa Mellow,393872102,Thomas,,Wondelgem,51.08262,3.69924,Entire home/apt,100,1,16,2025-06-01,1.21,1,39,13,
1153561864137886276,Mia,576830855,Eva,,Binnenstad,51.0461256,3.7219097,Private room,149,1,0,,,2,275,0,
1153637338626270015,"Premium room, 1/F, garden view, private bathroom",1857887,,,Stationsbuurt Noord,51.03794,3.7278,Private room,54,30,0,,,10,264,0,
1153661627907822417,"Luxury room, GF, city view, private bathroom",1857887,,,Binnenstad,51.0385375,3.72827,Private room,58,30,1,2024-09-17,0.11,10,364,1,
1154984093178396180,Studio,577131662,Yuliya,,Sluizeken - Tolhuis - Ham,51.06532,3.72767,Private room,108,1,3,2025-05-18,0.51,3,363,3,
1155537834260193613,Attic in a 17th Century House (central),4551370,Vic,,Elisabethbegijnhof - Papegaai,51.05789192510123,3.7197575345635414,Private room,75,2,48,2025-06-22,3.58,1,47,46,
1156383333179554860,Chère Anna City Center New,544213636,Archyi,,Binnenstad,51.05461,3.73409,Entire home/apt,155,2,34,2025-05-20,2.58,5,31,31,
1156624708973282175,Driepersoonskamer met gedeelde badkamer,577131662,Yuliya,,Sluizeken - Tolhuis - Ham,51.06705,3.72996,Private room,150,1,3,2025-02-09,0.47,3,358,3,
1157736998581142350,Cozy apartment,533528098,Yaseen,,Stationsbuurt Noord,51.04106,3.70887,Entire home/apt,,2,3,2025-02-10,0.23,1,0,2,
1158787742863795186,Stijlvolle studio aan het water (+ fietsen),27677660,Bart,,Watersportbaan - Ekkergem,51.05564,3.70799,Entire home/apt,99,3,32,2025-05-04,2.61,1,28,31,
1158886407462667652,Gezellig appartement,77525517,Elke,,Moscou - Vogelhoek,51.026915456589855,3.7485607713460922,Entire home/apt,87,1,5,2025-06-08,0.53,1,96,5,
1160135942301097657,Dubbele kamer met gedeelde badkamer,577131662,Yuliya,,Sluizeken - Tolhuis - Ham,51.06677,3.7297,Private room,116,1,0,,,3,147,0,
1160883771829172494,De Kapiteinswoning,571128820,Mattis,,Muide - Meulestede - Afrikalaan,51.065800254337255,3.7360623478889465,Entire home/apt,87,1,64,2025-06-22,4.97,1,238,61,
1161470577034977815,Bright apartment on the top floor,10317375,Myrthe,,Dampoort,51.05229,3.74326,Entire home/apt,189,3,2,2025-06-09,0.35,1,14,2,
1162151146687341054,Appartement in Gent,27659701,Stefanie,,Stationsbuurt Noord,51.03874,3.72429,Entire home/apt,135,4,10,2024-08-09,0.85,1,68,10,
1162161409312530987,Private Room in Central Ghent,47699322,Toshoni,,Bloemekenswijk,51.06943,3.69496,Private room,63,2,36,2025-06-20,2.83,1,239,34,
1163616084966173999,Sfeervol appartement bij station,578670417,Ilse,,Stationsbuurt Noord,51.0397158,3.7164735,Entire home/apt,40,14,2,2025-01-12,0.18,1,97,2,
1164307878395843256,"Charming waterfront apartment, beautiful townhouse",22494031,Annelies,,Binnenstad,51.05299,3.72977,Entire home/apt,,5,8,2025-02-13,0.90,2,0,8,
1164991785999258080,Cosy central flat,95076178,Ehsan,,Brugse Poort - Rooigem,51.05857,3.70272,Entire home/apt,100,2,4,2025-02-02,0.33,3,97,4,
1165298684137855626,Cozy Private Suite,46669501,Nilesh,,Dampoort,51.05026,3.75324,Private room,66,1,24,2025-06-10,2.26,1,52,24,
1167105591327894295,Cosy appartement close to station and center!,92592281,Kelly,,Stationsbuurt Zuid,51.03277847109081,3.7156095116393972,Entire home/apt,98,2,17,2025-06-10,1.34,1,5,16,
1167286024239380639,"Premium room, 2/F, garden view, private bathroom",1857887,,,Stationsbuurt Noord,51.03826,3.72736,Private room,56,60,0,,,10,364,0,
1167458620094231734,Gezellige stadsrijwoning met zonnig terras,546687877,Jeroen,,Bloemekenswijk,51.07433,3.71362,Private room,87,1,12,2025-06-14,0.98,1,83,10,
1167511692059174576,"Comfort room, 3/F, garden view",1857887,,,Stationsbuurt Noord,51.03768,3.72804,Private room,49,30,0,,,10,175,0,
1168928145587407221,Gezellige bungalow naast parkbos,45545764,Stephanie,,Sint Denijs Westrem,51.01013,3.66816,Entire home/apt,,5,21,2025-06-19,1.96,1,0,21,
1169576678701046635,Ruime woning op de rand van Gent,311542883,Jannes,,Drongen,51.050622599052865,3.665380450262443,Entire home/apt,126,2,15,2025-05-03,1.27,1,227,15,
1170172411700742403,Volledige woning net buiten Gent,549643998,Elke,,Mariakerke,51.07349809999999,3.6745114,Entire home/apt,,2,2,2024-08-11,0.18,1,0,2,
1170852806921771863,"sleep-tied,
a kinky overnight in Ghent",5182924,,,Macharius - Heirnis,51.0448,3.73969,Entire home/apt,256,1,0,,,1,269,0,
1170915516338402508,Art House Napoleon,19687730,Zoia,,Watersportbaan - Ekkergem,51.05315,3.70191,Private room,132,1,8,2025-05-10,0.76,2,262,8,
1171157160109120956,3 Room Luxury Design Apartment with Airco,561035162,Olivier Stephan,,Stationsbuurt Noord,51.034851562832436,3.715354864418048,Entire home/apt,237,1,21,2025-06-09,1.76,3,51,21,
1171774251156730779,ruime kamer in rustige buurt,340317417,Stijn,,Oostakker,51.07872,3.76344,Private room,65,1,12,2025-06-01,1.08,1,269,12,
1172384970978697139,Woning in het centrum van Gent,43204885,Helena,,Elisabethbegijnhof - Papegaai,51.0519,3.71885,Entire home/apt,220,7,1,2024-08-01,0.09,2,51,1,
1172390111444585122,Bright 2 room design apartment,60198564,Alexander,,Elisabethbegijnhof - Papegaai,51.04943,3.71672,Entire home/apt,,3,1,2024-12-10,0.15,2,0,1,
1173210313314680719,Knus appartement centrum Gent,668684396,Greta,,Binnenstad,51.0509635,3.7274713,Entire home/apt,137,2,52,2025-06-15,4.17,1,321,50,
1174071927947493262,Opera Boutique Rooms ~ Figaro,576732886,Tom,,Binnenstad,51.049885,3.7219165,Entire home/apt,122,1,31,2025-06-03,2.62,4,160,31,
1174086791938176649,Opera Boutique Rooms ~ Carmen,576732886,Tom,,Binnenstad,51.049885,3.7219165,Entire home/apt,121,1,9,2025-01-05,0.80,4,145,9,
1174111803293996767,Opera Boutique Rooms ~ Puccini,576732886,Tom,,Binnenstad,51.0508,3.72283,Entire home/apt,121,1,12,2025-05-27,0.99,4,143,12,
1174727459736801034,Villa in Gent,296324357,Stijn,,Drongen,51.06965,3.65424,Entire home/apt,330,3,18,2025-06-23,1.59,1,167,18,
1174766969992277099,Penthouse with a Big Terrace close to the Station!,561035162,Olivier Stephan,,Stationsbuurt Noord,51.034811165756636,3.715407662093639,Entire home/apt,203,1,15,2025-05-28,1.30,3,122,15,
1175805398133727689,2bd apartment near train station,541339077,Fatine,,Stationsbuurt Zuid,51.02962,3.7057,Entire home/apt,,2,7,2024-08-17,0.57,1,1,6,
1176075837593802383,Historisch huisje met terras in Prinsenhof,18438099,Inge,,Elisabethbegijnhof - Papegaai,51.05716,3.71595,Entire home/apt,120,2,9,2025-05-19,0.80,1,226,9,
1176570441721299707,Penthouse in the city center,233785297,Guylian,,Binnenstad,51.04869,3.72377,Entire home/apt,140,1,59,2025-06-23,5.21,1,129,59,
1176692778285089417,Prachtige ruimte op toplocatie,241220875,Sarah,,Binnenstad,51.0572,3.72828,Entire home/apt,104,1,23,2025-06-01,1.91,1,81,23,
1177358346129717557,Room by river and parc in Ghent,38071391,Matthias,,Sluizeken - Tolhuis - Ham,51.05811,3.73278,Private room,,2,36,2025-02-17,3.31,5,0,36,
1177572701975159592,Leuk appartement + binnentuin!,23691886,Jill,,Binnenstad,51.0569284,3.7245464,Entire home/apt,,2,6,2024-08-08,0.48,1,0,5,
1178319193276728274,Portus Ganda,583304177,Geert,,Macharius - Heirnis,51.05572,3.73545,Entire home/apt,92,12,0,,,1,241,0,
1179791295611718289,Ghent Penthouse,101714486,Alexandre,,Dampoort,51.05813,3.74103,Entire home/apt,102,3,14,2025-05-02,1.32,1,306,14,
1179828492988163478,"Comfort Duplex, 3/F, garden view",1857887,,,Binnenstad,51.03887,3.72799,Private room,43,30,0,,,10,296,0,
1179833565651384162,"Large room in Ghent with toilet, sink & terrace",59470177,Martijn,,Watersportbaan - Ekkergem,51.05241,3.69868,Private room,78,1,24,2024-12-28,2.12,1,1,24,
1180228954999990206,"Comfort Plus, 1/F, Garden view",1857887,,,Binnenstad,51.03954,3.72767,Private room,40,30,0,,,10,175,0,
1180532127913798127,Luxurious Ghent private suite with Bath/AC/Patio,419607682,Thalisa,,Elisabethbegijnhof - Papegaai,51.05459,3.71118,Private room,93,1,137,2025-06-15,11.74,1,246,137,
1181248128678088249,Casa WeZienWel (private dbl room in shared house),15590605,Thomas,,Stationsbuurt Noord,51.0347,3.72498,Private room,51,2,20,2025-06-08,1.70,2,184,20,
1181977480943764108,Studio Bluesette,576830855,Eva,,Binnenstad,51.0461256,3.7219097,Entire home/apt,146,1,0,,,2,301,0,
1182324061112607631,Gorgeous flat with canal view,14692327,Lynn,,Binnenstad,51.0500769,3.7294703,Entire home/apt,,3,2,2024-08-14,0.18,1,0,2,
1183215083336769862,Historic Ghent Building - Ideal Studio Retreat,572786944,Anthony,,Binnenstad,51.0495347,3.7332082,Entire home/apt,63,1,24,2025-06-09,2.11,11,158,24,
1183216652418909041,Historic studio with Charming Garden View,572786944,Anthony,,Binnenstad,51.0495347,3.7332082,Entire home/apt,63,1,51,2025-06-13,4.24,11,150,51,
1183290488031365525,Garden view flat in Ghent,572786944,Anthony,,Binnenstad,51.04918,3.7337,Entire home/apt,73,1,55,2025-06-09,4.77,11,151,55,
1183851436916787477,"Charmante gezinswoning met tuin, centrum Gent",69954849,Lee,,Rabot  - Blaisantvest,51.06204779999999,3.7077894,Entire home/apt,213,2,3,2025-06-01,0.27,1,36,3,
1184033492199765557,Ghent's Historic Gem: Your Perfect Hideaway,572786944,Anthony,,Binnenstad,51.05061,3.73385,Entire home/apt,62,1,41,2025-06-18,3.45,11,150,41,
1184033813128544972,Romantic Getaway in Ghent,572786944,Anthony,,Binnenstad,51.04878,3.73416,Entire home/apt,72,1,45,2025-06-20,3.72,11,142,45,
1184034040128780152,Garden View Apt in Ghent,572786944,Anthony,,Binnenstad,51.0493,3.73357,Entire home/apt,72,1,42,2025-06-18,3.50,11,150,42,
1184034130445633909,Light-Filled Haven in Ghent,572786944,Anthony,,Binnenstad,51.04911,3.73283,Entire home/apt,76,1,27,2025-05-26,2.27,11,161,27,
1184034309834446526,Charming Attic Retreat in Historic Ghent Center,572786944,Anthony,,Binnenstad,51.05023,3.73212,Entire home/apt,82,1,68,2025-06-20,5.65,11,145,68,
1184034513104370081,Renovated Room in Central Ghent,572786944,Anthony,,Binnenstad,51.04954,3.73321,Entire home/apt,55,1,37,2025-06-20,3.07,11,166,37,
1184034769171892718,Studio with Terrace in Ghent,572786944,Anthony,,Binnenstad,51.04903,3.73417,Entire home/apt,126,1,31,2024-12-23,2.58,11,9,31,
1184125946161402357,Cozy appartement with terrace,40848873,Lisse,,Binnenstad,51.0484832,3.7224774,Entire home/apt,,2,21,2025-05-25,1.75,1,1,21,
1186000239704987316,Artists open space studio,1467578,Paul,,Oud Gentbrugge,51.0433357,3.7460998,Entire home/apt,81,3,2,2025-02-03,0.18,1,361,2,
1186174929177281364,Beluikwoning in centrum Gent,218814860,Luna,,Binnenstad,51.04366,3.73012,Entire home/apt,211,1,22,2025-06-08,2.65,1,158,22,
1186334074898259724,art deco home with lush garden and chef kitchen,6839910,Jan,,Oud Gentbrugge,51.03909665626053,3.7483518943190575,Entire home/apt,184,4,0,,,1,17,0,
1186756933550664046,Villa Gigi,585599954,Guy Jean M,,Drongen,51.03077463781265,3.6064357198516817,Entire home/apt,463,3,27,2025-06-22,2.43,1,284,27,
1187018269748286110,Ecologische eenpersoonskamer aan de stadsrand,561849519,Katrien,,Wondelgem,51.08233,3.71137,Private room,,1,28,2025-06-03,2.48,4,0,28,
1187037085429537332,suite met privébadkamer,585695188,Hanne,,Oud Gentbrugge,51.04021,3.755,Private room,81,1,22,2025-05-25,1.83,1,360,22,
1187606375730221563,Stay at 2km from Ghent Center,42977380,Maarten,,Dampoort,51.05461,3.74953,Entire home/apt,180,5,5,2025-01-02,0.43,1,9,5,
1187776365705228146,"Elegante dokterswoning, in het centrum van Gent",486690324,Glenn,,Binnenstad,51.055906451103205,3.728750691044659,Entire home/apt,423,2,5,2025-06-01,2.03,1,28,5,
1188490496820544176,Volledige woning in Gent,98896375,Lennert,,Sluizeken - Tolhuis - Ham,51.06511,3.72647,Entire home/apt,,1,6,2025-05-04,1.02,1,0,6,
1188541596709048840,Charmante studio dichtbij Gent,586137444,Kathleen,,Oostakker,51.0735397,3.775148,Entire home/apt,72,2,56,2025-06-22,4.79,1,235,56,
1188921729642029407,Charming 2-Bedroom Gateaway in Ghent with Terrace,85785507,Vince,,Zwijnaarde,50.99917,3.71021,Entire home/apt,69,2,54,2025-06-13,4.86,7,125,54,
1191140373488715463,Huize Audenaert,154351014,Peter,,Oostakker,51.0817,3.76651,Private room,106,3,0,,,1,357,0,
1191223710119389616,Kleurrijke woonboot in Gent,517647462,Zoë,,Macharius - Heirnis,51.047,3.73835,Entire home/apt,197,2,9,2025-02-09,0.78,1,295,9,
1192097969551599959,Nice bedroom for one person,582728121,Karam,,Brugse Poort - Rooigem,51.05432,3.70178,Private room,42,1,14,2025-05-19,1.45,1,345,14,
1192718680915725020,Garden Studio,202923130,Elke,,Sint Amandsberg,51.0753768,3.7481258,Private room,74,1,4,2025-06-17,2.31,1,327,4,
1192889477552185235,Charming & high quality private suite near Castle,587306147,Kim,,Binnenstad,51.05686,3.72215,Private room,90,1,143,2025-06-15,12.58,1,225,143,
1193257492983742497,Ideal terraced Studio Retreat in Ghent's Center,572786944,Anthony,,Binnenstad,51.04954,3.73321,Entire home/apt,62,1,69,2025-06-20,5.85,11,150,69,
1194024484587036927,Appartement in centrum Gent,157129199,Anja,,Elisabethbegijnhof - Papegaai,51.05247,3.71681,Entire home/apt,165,2,46,2025-06-06,4.74,1,267,46,
1195452542421248215,Casa Hortensia,333185881,Jurgen,,Bloemekenswijk,51.06889805000743,3.707298940491386,Entire home/apt,86,3,7,2025-04-20,0.62,1,163,7,
1195639634080698934,Cat@home,69343106,Inge,,Ledeberg,51.03656,3.74482,Private room,45,2,12,2025-05-06,1.25,1,43,12,
1196320828976167752,Duplex vlak bij centrum,236061145,Bram,,Sint Amandsberg,51.0625711,3.7462366,Entire home/apt,,1,3,2024-09-08,0.27,1,0,3,
1197187227810604343,Ecologische tweepersoonskamer a/d stadsrand,561849519,Katrien,,Wondelgem,51.08363,3.70962,Private room,,1,21,2025-06-01,1.90,4,0,21,
1200558560203143200,Appartment 15min walk to city center,3644476,Elisa,,Watersportbaan - Ekkergem,51.05361,3.70194,Entire home/apt,99,4,4,2024-08-30,0.36,1,61,4,
1200615717667612734,Art house Ibiza bungalow,19687730,Zoia,,Brugse Poort - Rooigem,51.05458,3.70283,Private room,123,1,15,2025-06-08,1.34,2,257,15,
1200682916802306160,"""Casa ChaYa nabij centrum Gent",423654776,Isabelle,,Moscou - Vogelhoek,51.02781,3.76281,Private room,75,1,20,2025-05-04,1.82,1,87,20,
1200772759096315005,"1.2 private room, bathroom Ghent",384852116,Esat,,Stationsbuurt Noord,51.03636,3.7261,Private room,71,1,63,2025-06-08,5.58,7,350,63,
1200781916716587366,"1.3 private room,balcony & bathroom Ghent",384852116,Esat,,Stationsbuurt Noord,51.03663,3.72619,Private room,71,1,46,2025-06-06,4.06,7,342,46,
1200785213321143303,"1.4 private room,bathroom Ghent",384852116,Esat,,Stationsbuurt Noord,51.0362,3.72752,Private room,71,1,47,2025-06-08,4.13,7,354,47,
1200788826023067361,"1.5 private room, balcony & bathroom Ghent",384852116,Esat,,Stationsbuurt Noord,51.03687,3.72577,Private room,71,1,65,2025-06-06,5.72,7,345,65,
1200794038011521210,"2.2 private room,bathroom Ghent",384852116,Esat,,Stationsbuurt Noord,51.03693,3.72697,Private room,71,1,54,2025-06-08,4.76,7,352,54,
1200801143105725761,"2.4 private room, bathroom Ghent",384852116,Esat,,Stationsbuurt Noord,51.03646,3.72666,Private room,71,1,79,2025-06-08,7.20,7,335,79,
1200805052390141053,"2.5 private room, bathroom Ghent",384852116,Esat,,Stationsbuurt Noord,51.03605,3.72731,Private room,71,1,71,2025-06-09,6.28,7,350,71,
1201461392070704182,Art House Greek room,497358273,Aleksandra,,Brugse Poort - Rooigem,51.05447,3.70215,Private room,96,1,1,2025-02-23,0.24,4,361,1,
1201468090359628388,ArtHouse Hunting room,497358273,Aleksandra,,Brugse Poort - Rooigem,51.05402,3.70178,Private room,124,1,3,2025-05-11,0.26,4,362,3,
1201470499246665388,Arthouse Princess room,497358273,Aleksandra,,Watersportbaan - Ekkergem,51.05309,3.70356,Private room,106,1,0,,,4,365,0,
1201472718868094383,Arthouse Marylin Monroe,497358273,Aleksandra,,Watersportbaan - Ekkergem,51.05412,3.70273,Private room,124,1,2,2024-07-26,0.18,4,365,2,
1202744765452232017,Cozy 4person 2bedroom appartement Gent,490362833,Scott,,Binnenstad,51.04505,3.73413,Entire home/apt,176,1,19,2025-05-30,2.32,1,45,19,
1203717263660262323,La Bonbonnière: sfeervolle studio in Gent,590651636,Loulou,,Binnenstad,51.0404945,3.7346808,Entire home/apt,,1,12,2025-02-02,1.06,1,0,12,
1206986577823063914,Herenhuis appartement Gent - 1 tweepersoonsbed,528780350,Lorin,,Stationsbuurt Noord,51.0344553,3.7180015,Entire home/apt,,3,5,2024-12-29,0.53,1,0,5,
1207121676639861037,Authentiek appartement in Gent,110644808,Rhode,,Binnenstad,51.04990615548411,3.7215717136859894,Entire home/apt,92,1,107,2025-06-10,9.55,1,23,107,
1207262944172616361,CasaVerde Family House With Duplex Suite,406576372,Kathia,,Binnenstad,51.04363,3.72065,Entire home/apt,162,2,3,2024-09-15,0.27,1,17,3,
1207373172962681170,Rabot Logies,591719177,,,Rabot  - Blaisantvest,51.0633,3.70678,Entire home/apt,108,2,54,2025-06-22,6.40,1,209,54,
1208534287187341221,Cozy Retreat with Sauna near Gent-St-Pieters,502108298,Eduardo,,Stationsbuurt Zuid,51.0315086,3.712299,Entire home/apt,97,1,45,2025-06-01,4.21,7,327,45,
1209657485270341711,a beautiful room at uni dorm,592390523,Amr,,Nieuw Gent - UZ,51.0197903,3.7274495,Private room,450,1,0,,,1,365,0,
1211656451153001269,Kamer in gezinswoning,56590881,Melissa,,Sint Amandsberg,51.0707,3.76467,Private room,41,1,37,2025-04-30,3.60,2,246,37,
1213185221627990979,Appartement with one room.,156424658,Willy,,Dampoort,51.04861,3.75063,Entire home/apt,101,1,1,2024-08-17,0.10,1,357,1,
1214413102812861875,Home of Baltar and Naya - Street view (2nd Floor),85625835,Stijn,,Ledeberg,51.0381,3.74193,Private room,67,1,3,2024-08-16,0.28,1,202,3,
1214996496114992394,Basic Sunny Flat in City Center,362787745,Amaryllis,,Elisabethbegijnhof - Papegaai,51.05731,3.71515,Entire home/apt,56,1,81,2025-06-14,7.92,2,113,81,
1220053873871903101,Spacious apartment in Gent,595293799,Oriana,,Binnenstad,51.04042,3.73696,Entire home/apt,102,4,5,2025-04-25,0.51,1,86,5,
1220117842275948931,Unieke charmante gezellige ( De Ruiter) motorjacht,449979637,Sven,,Binnenstad,51.03763,3.73126,Entire home/apt,44,1,6,2024-11-03,0.64,1,44,6,
1221396652292138896,"Cosy Nest, near city centre.",85274283,Michiel,,Mariakerke,51.06996,3.68414,Entire home/apt,,3,0,,,1,0,0,
1221786269384823151,Matilda's House,595768686,Rahman,,Brugse Poort - Rooigem,51.06221,3.69787,Entire home/apt,112,1,50,2025-06-18,4.79,1,301,50,
1221888619473120793,"Luxury room, 2/F, city view, private bathroom",1857887,,,Binnenstad,51.03936,3.72944,Private room,50,60,0,,,10,327,0,
1224679927047806537,Basic kamer met luxe sfeer,226551835,Kim,,Gentbrugge,51.03401,3.76204,Private room,,1,16,2024-12-15,1.54,1,0,16,
1224818881981711850,De Torenkamer,24224181,Soraya,,Dampoort,51.0527,3.74366,Private room,77,3,0,,,2,350,0,
1227289938311793307,Lichtrijk appartement met stadstuin,112568430,Heidi,,Stationsbuurt Noord,51.03687,3.72571,Entire home/apt,95,2,23,2025-06-15,2.32,1,35,23,
1230297968910388717,"Charming Stay by the Water, Near City Center",69425032,Evelien,,Watersportbaan - Ekkergem,51.050646964878254,3.710341050620358,Entire home/apt,137,4,0,,,1,10,0,
1230388359400675179,Chateau de Lentilles d’Eau,226149617,Michiel,,Wondelgem,51.1138,3.74041,Private room,73,1,42,2025-06-18,4.34,1,86,42,
1231035056730864705,Rodelijv Boetiek K1.1,14192228,John,,Sluizeken - Tolhuis - Ham,51.06039752728716,3.7247467760943787,Private room,169,1,0,,,4,309,0,
1231060713655255513,Rodelijv Boutique K2.1,14192228,John,,Sluizeken - Tolhuis - Ham,51.0606306,3.7247647,Private room,176,1,0,,,4,323,0,
1231681439683161170,Rodelijv Boutique Suite,14192228,John,,Sluizeken - Tolhuis - Ham,51.06041482194967,3.724678869311542,Private room,181,1,4,2025-05-05,0.77,4,316,4,
1231685873709700883,Rodelijv Boutique K1.2,14192228,John,,Sluizeken - Tolhuis - Ham,51.0606306,3.7247647,Private room,151,1,3,2025-03-10,0.61,4,303,3,
1231821407880446718,Gent Apartments,329238536,Jessy,,Sluizeken - Tolhuis - Ham,51.0669577,3.7316724,Entire home/apt,105,1,46,2025-06-09,4.88,1,311,46,
1233269386225406653,Lovely Garden view apartment with free parking,486691757,Vidya,,Zwijnaarde,51.00881,3.70055,Entire home/apt,113,1,8,2025-04-25,1.24,1,72,8,
1233270778221663882,ecologische kamer 2 aparte bedden,561849519,Katrien,,Wondelgem,51.08423,3.71006,Private room,,1,1,2024-09-08,0.10,4,0,1,
1233346461424259748,Papegaai 18,386468626,Florian,,Elisabethbegijnhof - Papegaai,51.0505706,3.7146567,Entire home/apt,99,2,29,2025-05-23,3.72,1,66,29,
1234635770016821963,Mooie kamer in huis,16574538,Peter,,Sint Amandsberg,51.07292,3.76253,Private room,55,2,4,2025-06-09,0.42,1,338,4,
1234692271264532280,Huswell - Spacious apartment in Ghent with big ter,472694401,Jean-Paul,,Sluizeken - Tolhuis - Ham,51.0643253,3.7318355,Entire home/apt,154,2,14,2025-05-29,1.44,34,275,14,
1236120169685332679,Well-Located Apartment,141681609,Jill,,Binnenstad,51.04476,3.736122,Entire home/apt,110,1,0,,,1,330,0,
1236370869922932109,Chez Anna City Center New,544213636,Archyi,,Binnenstad,51.05323,3.73417,Entire home/apt,116,2,14,2025-06-09,1.45,5,58,14,
1236380384338707660,Anna’s Castle City Center,544213636,Archyi,,Macharius - Heirnis,51.05114,3.74146,Entire home/apt,156,2,13,2025-06-18,2.15,5,73,13,
1236853328515813380,Huswell - Bright apartment with city view,472694401,Jean-Paul,,Brugse Poort - Rooigem,51.0550207,3.7024979,Entire home/apt,135,2,9,2025-05-30,1.32,34,28,9,
1236914160508491378,Groot huis met mooie tuin nabij Gent,349615325,Jonas,,Drongen,51.046102416343444,3.6472728920654163,Entire home/apt,84,1,4,2025-04-20,0.51,2,290,4,
1237548938208697719,Huswell - Stunning apartment in the heart of Ghent,472694401,Jean-Paul,,Binnenstad,51.0564319,3.7241215,Entire home/apt,93,2,7,2025-06-11,0.80,34,71,7,
1238303507715991849,Villa Remis,191864799,Julie,,Sint Denijs Westrem,51.02072,3.66365,Entire home/apt,,1,6,2025-06-08,0.65,1,333,6,
1241351260568879825,Woning aan natuurreservaat,28551157,Lotte,,Mariakerke,51.06832946290227,3.672130699836933,Entire home/apt,160,2,1,2025-05-04,0.57,1,4,1,
1241382295848403915,Cosy 2 bedroom appartment,10288927,Gill,,Binnenstad,51.04379430441559,3.7367510050535206,Entire home/apt,176,2,12,2025-06-01,2.06,1,84,12,
1242142598748296754,Gezellig huisje in Gent,39929748,Tessa,,Brugse Poort - Rooigem,51.06459,3.69935,Entire home/apt,90,4,1,2024-11-25,0.14,1,11,1,
1245621880177468133,2 bedroom stay near station,651974089,Johan,,Stationsbuurt Noord,51.03765218911904,3.708566801186359,Entire home/apt,119,2,0,,,1,140,0,
1246364090395308064,Gentle apartment - spacious vintage retreat.,13962409,Trui,,Watersportbaan - Ekkergem,51.0554016,3.707106599999999,Entire home/apt,185,3,4,2025-06-01,0.67,1,8,4,
1246986779212868995,Zesdrienegen,422396458,Charlotte,,Watersportbaan - Ekkergem,51.05192,3.70981,Entire home/apt,135,3,10,2025-06-08,1.09,1,216,10,
1247969843552590661,Cosy loft in the center of Ghent,24853434,Karolis,,Binnenstad,51.04621,3.72681,Entire home/apt,112,3,12,2025-06-10,1.52,1,15,12,
1248483216917779724,Bavohoeve Mendonk - Bavohuis (incl jacuzzi),597690365,,,Kanaaldorpen en -zone,51.148013,3.8246128,Entire home/apt,119,2,33,2025-06-16,3.68,4,299,33,
1249038641172672512,Bavohoeve Mendonk - Bavoloft (incl jacuzzi),597690365,,,Kanaaldorpen en -zone,51.14803,3.82447,Entire home/apt,133,2,22,2025-05-18,2.53,4,303,22,
1250695447743619836,Stephanie's house,86091372,Stephanie,,Ledeberg,51.02855599999999,3.7495951,Entire home/apt,,3,1,2025-02-02,0.21,2,0,1,
1250796654880471220,A room at Stephanie's house,86091372,Stephanie,,Ledeberg,51.02855599999999,3.7495951,Private room,,3,5,2025-05-05,0.57,2,0,5,
1252089385581911507,Huswell - Modern Studio with Views,472694401,Jean-Paul,,Binnenstad,51.0509305,3.722888,Entire home/apt,112,2,5,2025-04-23,1.14,34,273,5,
1252089662587597022,Stylish Studio Retreat in Ghent,472694401,Jean-Paul,,Binnenstad,51.0509305,3.722888,Entire home/apt,99,2,3,2024-12-30,0.41,34,289,3,
1252089930930384339,Cozy Studio Retreat in Heart of Ghent,472694401,Jean-Paul,,Binnenstad,51.0509305,3.722888,Entire home/apt,105,2,1,2025-06-03,1,34,325,1,
1252090254622804427,Stylish Studio Retreat in Ghent City,472694401,Jean-Paul,,Binnenstad,51.0509305,3.722888,Entire home/apt,107,2,1,2024-12-26,0.16,34,322,1,
1252090585533908779,Huswell - Chic Studio in Ghent,472694401,Jean-Paul,,Binnenstad,51.0509305,3.722888,Entire home/apt,92,2,2,2025-03-06,0.42,34,347,2,
1252090888108547892,Cozy Duplex Studio with City Views Ghent,472694401,Jean-Paul,,Binnenstad,51.0509305,3.722888,Entire home/apt,117,2,4,2025-04-21,0.60,34,263,4,
1252091238662762113,Chic Duplex Studio with City Views Ghent,472694401,Jean-Paul,,Binnenstad,51.0509305,3.722888,Entire home/apt,94,2,7,2025-02-21,0.95,34,347,7,
1252091604659865922,Cozy Duplex Studio in Ghent City,472694401,Jean-Paul,,Binnenstad,51.0509305,3.722888,Entire home/apt,111,2,5,2025-02-08,0.56,34,287,5,
1252092006065613738,Stylish Studio Retreat in Central Gent,472694401,Jean-Paul,,Binnenstad,51.0509305,3.722888,Entire home/apt,101,2,7,2025-06-03,1.46,34,340,7,
1252092440901628954,Cozy Duplex Retreat in Ghent,472694401,Jean-Paul,,Binnenstad,51.0509305,3.722888,Entire home/apt,119,2,4,2025-01-01,0.56,34,324,4,
1252775680110699127,Modern luxe stadsappartement met gedeelde tuin,489936546,Remi,,Stationsbuurt Zuid,51.03476987292149,3.71043909984382,Entire home/apt,104,2,43,2025-06-14,4.90,12,295,43,
1253613728311817417,1597 Medieval Modern House,500758838,Benjamin,,Binnenstad,51.05304839999999,3.7210593,Entire home/apt,,2,1,2025-01-19,0.19,1,0,1,
1255128607158698007,'t Achterdek,654324382,Dries,,Sint Amandsberg,51.06064419549627,3.749155833424305,Entire home/apt,116,1,15,2025-06-21,3.28,1,235,15,
1256409499306600651,Maximiliaan appartement,11730018,Jan,,Stationsbuurt Noord,51.033202087659824,3.721743521961409,Entire home/apt,174,1,0,,,1,83,0,
1257115062706698871,Design appartement centrum Gent,200228773,Pauline,,Elisabethbegijnhof - Papegaai,51.04865352109744,3.716936519719486,Entire home/apt,137,2,14,2025-06-02,1.60,1,78,14,
1258642696260173113,La Maison Bleue - chambre TROIS,384806549,Ellen,,Elisabethbegijnhof - Papegaai,51.051293210639145,3.718157011039851,Private room,69,1,44,2025-06-22,6.06,3,46,44,
1259918436582330677,Lovely Sleek Room in a Vibrant Setting,651961264,Danesh,,Binnenstad,51.05163993537855,3.7253543870021586,Private room,51,30,0,,,15,184,0,
1260157119273761300,Flat near station in Gent,388614566,Morteza,,Stationsbuurt Noord,51.03602875816077,3.71345446743255,Entire home/apt,,2,8,2025-06-08,0.97,1,58,8,
1262226855810023918,Cozy city centre room w parkview,20694031,Dimitri,,Elisabethbegijnhof - Papegaai,51.056225574343564,3.712929392749792,Private room,72,2,3,2025-06-10,0.42,2,315,3,
1262906950250832591,Huswell - Cape Montigny - A Beautifully Renovated,472694401,Jean-Paul,,Binnenstad,51.0446356,3.726394,Entire home/apt,128,2,8,2025-05-30,0.98,34,333,8,
1263737560728953988,Sarah's house,5282403,Sarah,,Oostakker,51.0778839,3.7662186,Entire home/apt,200,2,1,2024-12-22,0.16,1,196,1,
1263747470575920332,Cozy room with balcony and parking near center,364751840,Kristof,,Sluizeken - Tolhuis - Ham,51.064222446580324,3.7231439751282,Private room,85,1,58,2025-06-21,6.82,1,314,58,
1267517383826147266,Maison Lapin,1993106,,,Sint Denijs Westrem,51.02281812025464,3.6528616115942243,Entire home/apt,80,4,0,,,1,195,0,
1270333155987773809,2Bangkok Residence,657794239,Nikki,,Brugse Poort - Rooigem,51.0604522,3.6929842,Private room,90,1,6,2025-06-09,0.94,3,187,6,
1273080897166582550,Huswell - Charming townhouse in Ghent perfect for,472694401,Jean-Paul,,Brugse Poort - Rooigem,51.05830049999999,3.6977077,Entire home/apt,213,2,16,2025-06-01,2.04,34,331,16,
1273809695742731398,cute huisje met prachtige tuin,202438487,Julie,,Stationsbuurt Noord,51.03308,3.72322,Private room,176,1,2,2024-11-23,0.25,1,364,2,
1274439859743219122,Cosy Colorful Modern Home,28701190,Sara,,Brugse Poort - Rooigem,51.0558016,3.6999623,Entire home/apt,,3,1,2024-12-30,0.17,1,0,1,
1274696153096662287,Room in a Charming House near Gravensteen,342329863,Edy,,Rabot  - Blaisantvest,51.06739746359206,3.726591973985344,Private room,59,1,70,2025-06-17,9.38,3,320,70,
1276122402184632697,Spacious Room Near Citycentre,342329863,Edy,,Rabot  - Blaisantvest,51.06742032173539,3.7269241501972545,Private room,58,1,77,2025-06-18,10.22,3,309,77,
1277275675661016299,Lits de Lo - Lo Sable,657407296,Isolde,,Stationsbuurt Noord,51.03859905964137,3.71285526506052,Private room,127,1,4,2025-05-06,0.62,6,296,4,
1277275873944728310,Lits de Lo - Lo Verde,657407296,Isolde,,Stationsbuurt Noord,51.036466352236495,3.713606505170895,Private room,127,1,0,,,6,297,0,
1277276052699539620,Lits de Lo - Lo Doux,657407296,Isolde,,Stationsbuurt Noord,51.03692,3.71266,Private room,127,1,6,2025-06-20,0.95,6,309,6,
1277276254601477527,Lits de Lo - Lo Brise,657407296,Isolde,,Stationsbuurt Noord,51.03715,3.71431,Private room,127,1,14,2025-05-16,2.18,6,300,14,
1277276407620743583,Lits de Lo - Lo Rêve,657407296,Isolde,,Stationsbuurt Noord,51.03713,3.71357,Private room,127,1,12,2025-04-06,1.87,6,303,12,
1279495471567751515,Cozy Retreat for Two in the Heart of Ghent,502108298,Eduardo,,Elisabethbegijnhof - Papegaai,51.05097079999999,3.7172998,Entire home/apt,76,1,26,2025-06-15,3.32,7,160,26,
1281123782366848985,Cozy home in Ghent,83578946,Bram,,Dampoort,51.05625938356258,3.7494291827668236,Entire home/apt,213,2,6,2025-04-06,1.02,1,30,6,
1283916552375351272,Spacious house with garden close to city center,29212917,Charlotte,,Stationsbuurt Noord,51.0366797681306,3.7299606438073254,Entire home/apt,101,2,5,2025-06-08,1.16,2,2,5,
1285328380249023365,Oh My Suite Duplex,493172924,Minne,,Binnenstad,51.053080018834066,3.725287578999996,Entire home/apt,187,2,10,2025-06-15,3.19,2,88,10,
1286118606441150088,Great loft with terrace middle in the center,247391038,Carine,,Binnenstad,51.0557234,3.7229702,Entire home/apt,250,1,1,2025-01-01,0.17,1,344,1,
1286157836342475595,Bright Central Studio,18749808,Astrid,,Binnenstad,51.058627172232924,3.7277827039361,Entire home/apt,62,5,2,2025-02-09,0.42,1,67,2,
1286859517448961859,"Ces Home, Home away home",135963419,,,Elisabethbegijnhof - Papegaai,51.05133876220535,3.710801730227263,Entire home/apt,,2,0,,,1,153,0,
1287619893534021961,Apartment overlooking the water,64653713,Hadeburg,,Macharius - Heirnis,51.0444028,3.7389633,Entire home/apt,58,25,0,,,1,223,0,
1289025583657410352,Huswell - Stylish apartment on top location,472694401,Jean-Paul,,Binnenstad,51.0506583,3.7275714,Entire home/apt,146,2,23,2025-05-31,3.47,34,319,23,
1289226280737728887,Cosy house. Free bikes included.,126441611,Frederik,,Sint Amandsberg,51.07324774605075,3.7528740000868406,Entire home/apt,,2,3,2024-12-05,0.41,1,0,3,
1290359241402263431,Lits de Lo - Lo Ciel,657407296,Isolde,,Stationsbuurt Noord,51.03875964635386,3.714078463751448,Private room,127,1,6,2025-05-03,0.91,6,187,6,
1290612557376944518,rooftop-studio topligging Gent,11715743,Lot,,Stationsbuurt Noord,51.0408845,3.707520399999999,Entire home/apt,80,2,22,2025-06-23,3.08,2,86,22,
1292648148074121115,Studio Retreat in the Centre of Ghent,659846787,Eduard,,Elisabethbegijnhof - Papegaai,51.0520783,3.7198764,Entire home/apt,63,1,18,2025-06-12,2.70,5,150,18,
1293234427467885642,Charming Studio Retreat for Two in Central Ghent,659846787,Eduard,,Elisabethbegijnhof - Papegaai,51.0520783,3.7198764,Entire home/apt,62,1,17,2025-06-15,2.46,5,168,17,
1293234997566870688,Cozy Studio for Two in Central Ghent,659846787,Eduard,,Elisabethbegijnhof - Papegaai,51.0520783,3.7198764,Entire home/apt,59,1,19,2025-06-20,2.78,5,159,19,
1293237030643747873,Comfort 1,331340556,Mounaim,,Binnenstad,51.0496959,3.7316576,Entire home/apt,88,1,44,2025-06-22,6.17,6,306,44,
1293239127559399916,Studio for 2 in City of Ghent,659846787,Eduard,,Elisabethbegijnhof - Papegaai,51.0520783,3.7198764,Entire home/apt,59,1,22,2025-06-15,3.82,5,149,22,
1293358135945384815,Comfort 2,331340556,Mounaim,,Binnenstad,51.05030841640274,3.7308476683901226,Private room,61,1,61,2025-06-22,8.59,6,278,61,
1294304361770004927,Cosy Comfort + Gratis Parking,479614327,Robin,,Binnenstad,51.04326046122632,3.7226227288077487,Entire home/apt,240,2,25,2025-06-21,5.24,1,118,25,
1295650501564139391,family room,657794239,Nikki,,Brugse Poort - Rooigem,51.0604522,3.6929842,Private room,188,1,1,2025-04-13,0.41,3,167,1,
1295838282784520388,Charmante appartement /studio,663510854,Jessy,,Mariakerke,51.07293277551295,3.659522871422332,Private room,49,3,9,2025-06-01,2.08,1,64,9,
1296304692612313822,8z dreamz 1,110115587,Nelson,,Binnenstad,51.0578774,3.7268169,Entire home/apt,93,1,13,2025-05-10,2.13,4,269,13,
1296312870081088525,8Z Dreamz 3,110115587,Nelson,,Binnenstad,51.0578774,3.7268169,Entire home/apt,126,1,19,2025-06-09,3.17,4,328,19,
1296320388144901782,8Z Dreamz 3,110115587,Nelson,,Binnenstad,51.0578774,3.7268169,Entire home/apt,127,1,1,2025-05-18,0.79,4,320,1,
1297659505010959877,Lichtrijk appartement op toplocatie in Gent2,182753172,Anthony,,Binnenstad,51.05175,3.72967,Entire home/apt,119,1,8,2025-06-12,2.20,4,295,8,
1297697949701766396,Luxueuze loft met prachtig zicht,225863645,Lore,,Binnenstad,51.05347,3.73177,Entire home/apt,,2,12,2025-05-29,2.16,1,0,12,
1300045654303591810,Gent Gently apartment in center,510845010,Laura,,Binnenstad,51.059696250737886,3.725710106880404,Entire home/apt,135,2,11,2025-06-01,2.34,2,292,11,
1300636050478894655,Scala,448402814,Peter,,Dampoort,51.04999143531771,3.765096351837154,Entire home/apt,132,2,17,2025-05-18,2.56,1,327,17,
1301057574194469084,kamer gent centrum,664639410,Thibeau,,Binnenstad,51.058156688833996,3.725889962283274,Private room,69,1,1,2024-12-22,0.16,1,90,1,
1302860793057189775,2BR+1LR Apt. Only 15-Mins to Gravensteen Castle,651961264,Danesh,,Binnenstad,51.041376925670306,3.731388355535246,Entire home/apt,122,1,31,2025-06-24,4.65,15,344,31,
1303541470447990748,Charming 1-Bedroom Retreat Near Ghent City Center,68361339,Tony,,Binnenstad,51.0409567,3.727684,Entire home/apt,61,1,16,2025-06-09,2.73,8,163,16,
1305226798418319867,Luxury Duplex Penthouse With Designer Furniture,502108298,Eduardo,,Elisabethbegijnhof - Papegaai,51.0490128,3.713107099999999,Entire home/apt,275,1,12,2025-06-09,2.06,7,158,12,
1307819906767038184,Bavohoeve Mendonk - Bavoschuur (incl. Jacuzzi),597690365,,,Kanaaldorpen en -zone,51.147905314859045,3.824484053967301,Entire home/apt,133,2,15,2025-06-24,2.49,4,303,15,
1308858667563629979,Single room in a bright home,20482518,Lot,,Brugse Poort - Rooigem,51.05911381643921,3.6970083274709866,Private room,51,3,2,2025-03-30,0.50,2,145,2,
1310250268302458385,"SoGo Guesthouse, room ""Ayana""",433468746,Fre & Mur,,Binnenstad,51.04874185225124,3.7284376883605974,Private room,94,2,17,2025-06-16,2.67,4,53,17,
1310884432159344011,Design mansion in city center,3255623,Pieter Alex L,,Binnenstad,51.04954555733342,3.7327124269836354,Entire home/apt,286,2,15,2025-06-16,3.69,1,275,15,
1311586000225540387,Charme Appartement Centrum Gent,656305178,Veronique,,Elisabethbegijnhof - Papegaai,51.052863718107545,3.7167561393028645,Entire home/apt,155,2,17,2025-06-24,2.90,1,310,17,
1313095087490216535,"Gezellig huis in fijne buurt, GENT",32810017,Carmen,,Muide - Meulestede - Afrikalaan,51.0876153,3.7285922,Entire home/apt,99,2,2,2025-02-19,0.44,1,266,2,
1315923725387236715,Lichtrijk en ruim gelijkvloers app vlakbij Centrum,489936546,Remi,,Stationsbuurt Noord,51.03793563574148,3.7111381570913475,Entire home/apt,154,2,28,2025-06-20,4.80,12,284,28,
1316629808924505511,Exclusive suite 1,331340556,Mounaim,,Binnenstad,51.04977253153845,3.731461688876152,Entire home/apt,89,1,36,2025-06-23,6.51,6,287,36,
1317384615354761224,WeZienWel House (privé 2-p kamer in gedeeld huis),15590605,Thomas,,Stationsbuurt Noord,51.0342324,3.7256538,Private room,62,2,11,2025-06-17,1.84,2,355,11,
1317426395687024203,"Charmant,  gerenoveerd app. nabij hartje Gent (+1)",489936546,Remi,,Stationsbuurt Noord,51.036333858088085,3.710883150849151,Entire home/apt,138,2,31,2025-06-10,5.17,12,280,31,
1317449674649482618,Trendy gerenoveerd app. - Gentse stadsrand (op +3),489936546,Remi,,Stationsbuurt Noord,51.03627249587879,3.7095752703059284,Entire home/apt,118,2,19,2025-06-15,3.96,12,307,19,
1317459523321839138,Comfortabele Studio 3p vlakbij Gent centrum(op +2),489936546,Remi,,Stationsbuurt Noord,51.03828535014515,3.710196050340674,Entire home/apt,119,2,15,2025-06-19,2.51,12,344,15,
1317507581785627631,Charmante Studio 3p nabij bruisend Centrum (op +2),489936546,Remi,,Stationsbuurt Noord,51.037001032357374,3.7109144678415267,Entire home/apt,132,2,15,2025-06-15,2.53,12,330,15,
1318010789982214010,Lichtrijk appartement,37039753,Anse,,Macharius - Heirnis,51.0502214,3.7404533,Entire home/apt,99,2,5,2025-04-20,1.06,1,172,5,
1318207429594773162,Living Gent,165646751,Roel,,Binnenstad,51.05071419999999,3.7273689,Entire home/apt,183,2,2,2025-03-30,0.59,1,286,2,
1318225329294888588,ecologische woning a/d stadsrand,561849519,Katrien,,Wondelgem,51.08381290199944,3.7110329725592934,Private room,,1,1,2025-02-09,0.22,4,0,1,
1318244737299276004,Nieuw gerenoveerd stadshuis in Gent voor 4 pers.,433406858,Donald,,Sluizeken - Tolhuis - Ham,51.0587344721715,3.735472760287341,Entire home/apt,134,2,12,2025-06-15,2.05,7,303,12,
1320875804986152359,Vernieuwd 2 slaapk. appartement,386752207,Ilse,,Binnenstad,51.03939,3.72653,Entire home/apt,96,4,3,2025-04-21,0.62,1,92,3,
1321032936825495389,Spacious room in the city center,669084170,Weena,,Binnenstad,51.04887,3.72241,Entire home/apt,107,2,3,2025-04-21,0.63,1,359,3,
1322576621848261535,Penthouse with exceptional view,46627343,Lili,,Macharius - Heirnis,51.04858,3.73894,Entire home/apt,166,3,3,2025-05-31,1.14,1,304,3,
1323320106315755888,Ruime en zonnige woning met tuin,198607722,Hans-Peter,,Wondelgem,51.09127,3.70553,Entire home/apt,108,2,0,,,1,24,0,
1324430331503811379,Residentie Violetta,515156225,Carl,,Elisabethbegijnhof - Papegaai,51.0584,3.71201,Entire home/apt,90,28,0,,,3,319,0,
1325288023426473497,Room with a view,57012030,Annick Yvonne A,,Muide - Meulestede - Afrikalaan,51.06486,3.73752,Entire home/apt,118,2,20,2025-06-22,4.20,1,248,20,
1325532041976250799,Lynn’s place,654647211,Lynn,,Sluizeken - Tolhuis - Ham,51.05714,3.73463,Entire home/apt,110,2,31,2025-06-23,6.50,1,272,31,
1326049810177525007,Downtown Gem Overlooking Ghent's Beauty,68361339,Tony,,Binnenstad,51.05565,3.72256,Entire home/apt,62,2,26,2025-06-15,5.38,8,167,26,
1326169749141580941,friends & fam room,657794239,Nikki,,Brugse Poort - Rooigem,51.06004,3.69309,Private room,205,1,1,2025-03-30,0.34,3,188,1,
1326703205300444152,Flamingo Studio,669340193,Tommy,,Ledeberg,51.032,3.73491,Entire home/apt,100,1,0,,,1,56,0,
1327718967262486896,Lichtrijk appartement op toplocatie in Gent,182753172,Anthony,,Binnenstad,51.05045,3.73035,Entire home/apt,100,1,7,2025-06-21,2.63,4,296,7,
1328369225994747189,Penthouse in Gent,51661524,Matthias,,Moscou - Vogelhoek,51.02857,3.74812,Entire home/apt,117,2,13,2025-04-28,3.15,1,57,13,
1328434471237511324,Vree Wijs,41017898,Brecht,,Dampoort,51.04846,3.74815,Entire home/apt,,5,5,2025-06-14,1.34,1,0,5,
1328757378281869566,Splinternieuwe bemeubelde kamer,427078056,Zara,,Sint Amandsberg,51.06054,3.74447,Private room,66,2,1,2025-02-03,0.21,1,296,1,
1329804025038195829,Cozy Studio - Heart of Ghent's Historic CityCenter,651961264,Danesh,,Binnenstad,51.051184476990144,3.7265215820610367,Private room,70,1,16,2025-06-13,3.12,15,340,16,
1330235987554419237,Stylish Duplex with Stunning City Views,554157059,Eduard,,Binnenstad,51.0501026,3.729164099999999,Entire home/apt,93,1,17,2025-06-13,3.54,2,142,17,
1331167347272108936,Studio Cosy (2p),14323217,Eva & Michaël,,Rabot  - Blaisantvest,51.06116,3.71581,Entire home/apt,100,2,27,2025-06-20,6.53,1,173,27,
1331837247488706714,cozy,445509966,Irfan,,Stationsbuurt Noord,51.03432039341608,3.7208334963528604,Private room,47,6,1,2025-03-15,0.29,1,360,1,
1333303850642392650,De Lousberg,172672591,,,Macharius - Heirnis,51.04365,3.73937,Entire home/apt,84,2,15,2025-06-23,2.87,1,55,15,
1333354156956007528,The Green Sunny Ghent,36635563,Maël,,Wondelgem,51.0759778688051,3.709025169311513,Entire home/apt,82,1,67,2025-06-22,12.72,3,245,67,
1334015805281230651,Charming Historic Apartment in the Heart of Ghent,665658644,Eduard,,Binnenstad,51.0565036,3.7213833,Entire home/apt,103,1,7,2025-05-30,1.53,2,100,7,
1334016195221096457,Charming apartment with authentic character,665658644,Eduard,,Binnenstad,51.0565036,3.7213833,Entire home/apt,89,1,5,2025-04-13,1.04,2,288,5,
1334576682895518523,Sleek city stays appartment 3,673096138,Nicolas,,Binnenstad,51.050283872985375,3.7291926179879997,Entire home/apt,153,1,31,2025-06-21,6.20,6,105,31,
1334608385168482445,Sleek city stay appartment 5,673096138,Nicolas,,Binnenstad,51.05185863086701,3.7285263539286677,Entire home/apt,140,1,12,2025-06-15,2.38,6,117,12,
1334613821190231239,Sleek city stay appartment 6,673096138,Nicolas,,Binnenstad,51.05042345296654,3.7299870155906,Entire home/apt,144,1,11,2025-05-28,2.26,6,138,11,
1334621391792095356,Sleek city stay appartment 4,673096138,Nicolas,,Binnenstad,51.05070207396365,3.7285689119454086,Entire home/apt,146,1,8,2025-05-26,1.88,6,144,8,
1334625378206801527,Sleek city stay appartment 2,673096138,Nicolas,,Binnenstad,51.05067678522905,3.7292018940814535,Entire home/apt,115,1,0,,,6,115,0,
1334629003105528144,Sleek city stay appartment 1,673096138,Nicolas,,Binnenstad,51.05173349044214,3.728983432860268,Entire home/apt,116,1,1,2025-03-02,0.26,6,107,1,
1334684011806603096,Knusse zolderkamer in Gent,57627273,Sara,,Drongen,51.055076388799776,3.6597110875884242,Private room,60,2,4,2025-05-11,1.48,1,209,4,
1335412317732809551,Bright waterside apartment,33036017,Bregt,,Sluizeken - Tolhuis - Ham,51.06121223243883,3.735305925498014,Entire home/apt,97,5,2,2025-06-01,0.43,1,59,2,
1335644830310801040,Cozy ecological home & garden,16107931,Alexia,,Dampoort,51.05038629646926,3.7583935051791846,Entire home/apt,189,2,4,2025-06-22,2.67,1,258,4,
1340507779693036632,Huswell - Home away from home in center of Ghent,472694401,Jean-Paul,,Binnenstad,51.0461167,3.7219354,Entire home/apt,149,1,7,2025-06-21,1.46,34,297,7,
1340509633262548599,Studio met tuin/parking centrum,17830474,Annelies,,Elisabethbegijnhof - Papegaai,51.0471,3.71906,Entire home/apt,109,3,7,2025-06-20,2.21,2,170,7,
1340522988644515728,House - 2 bedrooms - Gent,17292810,Laurent,,Dampoort,51.060346098485546,3.7421250334196157,Entire home/apt,99,1,0,,,1,30,0,
1343320488237583517,Mooie studio Gent Citadel,269151195,Valerie,,Stationsbuurt Noord,51.03529098258155,3.717225825772593,Entire home/apt,,1,0,,,2,0,0,
1343392960786265521,Lichtrijk appartement Gent,269151195,Valerie,,Stationsbuurt Noord,51.03617881745429,3.7169763113360927,Entire home/apt,,1,0,,,2,0,0,
1343524109138133342,The Green Gate,515319085,Bennie,,Stationsbuurt Noord,51.03291662178001,3.7302808329159407,Entire home/apt,60,2,9,2025-06-22,2.08,1,11,9,
1345102053632547097,Kleurrijke hoekwoning,93197394,Merel,,Sint Amandsberg,51.06733989326258,3.7501025968585995,Entire home/apt,174,2,12,2025-05-31,2.65,1,175,12,
1345430518730959666,3 Lovely & Comfortable Studios @Heart of Gent,666129800,Abdullah Rashid,,Binnenstad,51.05184879687588,3.7260980185688206,Private room,,1,1,2025-03-23,0.32,4,0,1,
1346425506898077339,Apartment in Gent,576798581,,,Binnenstad,51.04308043531616,3.730949276180989,Entire home/apt,85,1,0,,,1,172,0,
1347479559463589129,Brooklyn Five - Spacious Loft In Ghent,86368262,Vincent,,Binnenstad,51.05442082350628,3.7295744195580482,Entire home/apt,186,2,14,2025-06-10,3.23,6,251,14,
1348116063794544583,Penthouse with a Neo-Gothic Parish church view,676641685,Kubilay,,Rabot  - Blaisantvest,51.06151889855654,3.710227966460446,Entire home/apt,256,1,1,2025-06-09,1,1,188,1,
1350143710229212057,Tender House Gent,121190091,Aude,,Stationsbuurt Noord,51.038684376119264,3.707923681483559,Entire home/apt,89,3,9,2025-06-23,2.08,1,191,9,
1350451118648439634,Stylish town house,8604293,Maaike,,Sint Amandsberg,51.061067195964995,3.748200258864501,Entire home/apt,280,10,1,2025-05-17,0.77,2,289,1,
1350547273874241165,Trendy Waterfront Apartment,259911352,,,Binnenstad,51.0549427,3.7334852,Entire home/apt,220,2,2,2025-04-27,0.91,1,85,2,
1350551175148910116,Ghent Getaway: Cozy Retreat for Two,659846787,Eduard,,Elisabethbegijnhof - Papegaai,51.0520783,3.7198764,Entire home/apt,59,1,13,2025-06-13,3.45,5,151,13,
1350686167075528461,Bavohoeve Mendonk - Cosyhouse  (incl jacuzzi),597690365,,,Kanaaldorpen en -zone,51.1480298917223,3.824353627860546,Entire home/apt,129,2,2,2025-06-09,2,4,311,2,
1353149906270199710,Beautiful townhouse in Ghent,996824,Annabell,,Macharius - Heirnis,51.04836020810935,3.7421722960235586,Private room,96,1,0,,,1,361,0,
1353546851072374439,Anna’s Apartment / Entire apt in Gent,544213636,Archyi,,Oud Gentbrugge,51.03747323232898,3.750911025520379,Entire home/apt,109,2,3,2025-06-09,1.05,5,37,3,
1354835584442215570,Art deco architecturale monument,5883895,Annelore,,Stationsbuurt Zuid,51.031365273133964,3.7164439618916485,Entire home/apt,462,4,0,,,9,365,0,
1355927225829489429,Stijlvol verblijf in historisch pand.,52390386,Ruben,,Binnenstad,51.042472599663995,3.7321481781690657,Entire home/apt,86,2,4,2025-06-09,1.62,2,53,4,
1358103967936989512,Gezellige woning in Gent,457050588,Stephanie,,Ledeberg,51.03487149999999,3.7464082,Entire home/apt,119,2,5,2025-06-09,1.35,1,37,5,
1358756567509615906,"A&B at Citadel Park, private bathroom",277634214,,,Stationsbuurt Noord,51.04004436501097,3.719470942136499,Private room,,1,2,2025-03-23,0.63,3,0,2,
1359251453147682549,Heerlijke studio aan de Leie,8604293,Maaike,,Elisabethbegijnhof - Papegaai,51.0483954,3.7196162,Entire home/apt,78,7,4,2025-05-18,0.98,2,44,4,
1360154622592971002,Oh My Suite,493172924,Minne,,Binnenstad,51.053171909486416,3.725137375295162,Entire home/apt,187,2,12,2025-05-24,3.13,2,87,12,
1360276238227821429,Cosy house near Ghent,4980531,Gust,,Drongen,51.04541152453412,3.6290725193033513,Entire home/apt,77,2,20,2025-06-10,5.94,1,28,20,
1362802419656008623,Under the Cathedral,86891875,Tania,,Binnenstad,51.05279992997706,3.7283504418617053,Entire home/apt,,30,0,,,1,0,0,
1364303612270678169,ArChyi / Entire Loft Studio City Center,544213636,Archyi,,Macharius - Heirnis,51.05098340626554,3.7414829110329197,Entire home/apt,116,2,4,2025-05-05,1.38,5,64,4,
1364371606742980272,Gezellige woning met veel licht,3867287,Riet,,Oud Gentbrugge,51.04284464902426,3.7542852759361263,Entire home/apt,,4,6,2025-06-01,1.65,2,7,6,
1364965842054579127,Private floor with terrace near the water,361749457,Aude,,Mariakerke,51.07654846688545,3.6793367510569848,Private room,96,1,23,2025-06-21,6.45,1,269,23,
1365033862012310290,Charming Stay in Gent City Center,472694401,Jean-Paul,,Elisabethbegijnhof - Papegaai,51.0574304,3.7126163,Entire home/apt,254,2,5,2025-06-01,1.88,34,292,5,
1365212451156488696,Top location spacious apartment. Lots of light.,681145885,Melissa,,Binnenstad,51.043687826055866,3.7303763529051115,Private room,56,4,2,2025-05-28,0.56,1,345,2,
1365312926393088420,Centrally located studio in Ghent,360061556,Jonas,,Elisabethbegijnhof - Papegaai,51.05627275631745,3.7090712539672843,Entire home/apt,80,2,23,2025-06-22,6.76,1,150,23,
1365977240070755721,Gezellige lichtrijke woning met zonnige tuin,681362146,Anne,,Gentbrugge,51.0403947,3.7668521,Entire home/apt,90,2,7,2025-06-23,2.84,1,46,7,
1370739209717392483,Cozy Studio,508183357,Mohammad,,Binnenstad,51.036762720873185,3.7318361883606155,Entire home/apt,65,2,9,2025-06-09,2.84,1,167,9,
1371700074976080374,AURA privé Wellness B&B,395150532,Hasan,,Oostakker,51.1001422,3.7648333,Entire home/apt,360,1,0,,,1,364,0,
1374002846251407365,Studio&Stay Loft,553151933,Alexander,,Binnenstad,51.058228664180476,3.724700469351157,Entire home/apt,149,1,0,,,2,338,0,
1374834248430489894,Habitación doble en Gante,682988453,Cristo,,Binnenstad,51.049849107777334,3.7302081855327907,Private room,89,1,1,2025-05-18,0.79,9,318,1,
1374934218643031309,Habitacion Familiar en Gante,682988453,Cristo,,Binnenstad,51.051507599931305,3.7307127173680956,Private room,104,1,9,2025-06-09,3.33,9,300,9,
1374939686658191953,Habitación doble con cocina,682988453,Cristo,,Binnenstad,51.05147773463799,3.7307868522474097,Private room,96,1,5,2025-05-11,1.49,9,333,5,
1376171612714968672,Dokzicht - Leven aan de Oude Dokken,329650817,Veroniek,,Sluizeken - Tolhuis - Ham,51.06086340409907,3.734829419262115,Entire home/apt,146,2,8,2025-06-22,6.32,1,301,8,
1379716771007258878,Maisonnette Magelein,215157336,Philip,,Binnenstad,51.05359,3.72379,Entire home/apt,116,30,0,,,1,340,0,
1381021331248650662,Bright Apartment in Ghent with Parking,502108298,Eduardo,,Binnenstad,51.0514993,3.733020099999999,Entire home/apt,93,1,10,2025-06-03,4.55,7,5,10,
1381080452649427536,Ambassador suite,331340556,Mounaim,,Binnenstad,51.050883890966794,3.7306598006285348,Private room,59,1,32,2025-06-23,11.85,6,286,32,
1381416150887489116,Welcome!,48572664,Alagie Janko,,Macharius - Heirnis,51.05150926958198,3.7375912447286144,Private room,86,2,0,,,2,343,0,
1382664210850058555,Lightful architectural house,685720546,Karolien,,Oud Gentbrugge,51.0422534735485,3.7458244233784197,Entire home/apt,495,1,1,2025-05-20,0.83,1,269,1,
1383447626821468009,Habitación Doble (litera),682988453,Cristo,,Binnenstad,51.05067546454856,3.7320025495242755,Private room,81,1,0,,,9,299,0,
1384542706740882307,Netflix & Chill,48572664,Alagie Janko,,Brugse Poort - Rooigem,51.062601929914905,3.6992191368098295,Private room,90,2,0,,,2,361,0,
1384787337369035506,Attractive Spacious Room at Home,342329863,Edy,,Sluizeken - Tolhuis - Ham,51.06610675039259,3.725141382443284,Private room,56,2,1,2025-06-08,1,3,172,1,
1386987585721934056,Huswell - Stay at Cape Montigny in Ghent,472694401,Jean-Paul,,Binnenstad,51.04463560000001,3.726393999999999,Entire home/apt,163,2,3,2025-05-27,1.34,34,336,3,
1387022664034968226,gezellige caravan,10433719,Bart,,Kanaaldorpen en -zone,51.109788431832996,3.779836109381864,Entire home/apt,49,1,4,2025-06-04,1.82,1,358,4,
1387111841733109466,Studio&Stay Room,553151933,Alexander,,Binnenstad,51.0593665,3.725022,Entire home/apt,84,1,9,2025-06-22,6.00,2,331,9,
1387740512893178120,Rustige en lichte grote kamer met comfortabel bed,679512709,Jennifer Annie,,Sluizeken - Tolhuis - Ham,51.0629514682714,3.7333082101472272,Private room,59,1,14,2025-06-01,5.06,2,266,14,
1388125781067816784,Stijlvolle penthouse hartje Gent,4902086,,,Sluizeken - Tolhuis - Ham,51.066504234969315,3.7257872732380686,Entire home/apt,325,3,0,,,1,16,0,
1388492127358091209,Volledig appartement +toplocatie,687180745,John,,Macharius - Heirnis,51.056621217982126,3.735541231837695,Entire home/apt,110,1,20,2025-06-15,7.50,1,32,20,
1390071995432675671,"Bedroom in harbour area of Gent, near city center",19555066,Delphine,,Muide - Meulestede - Afrikalaan,51.077090498368655,3.7309459020333335,Private room,90,2,1,2025-04-06,0.37,1,205,1,
1390384560031528548,Spacious Duplex | Perfect for Families & Friends,686052478,Eduard,,Binnenstad,51.0463014,3.7236982,Entire home/apt,124,1,11,2025-06-18,4.07,4,128,11,
1390386717738481829,Brand new Cozy Apartment for 4 People,686052478,Eduard,,Binnenstad,51.0463014,3.7236982,Entire home/apt,99,1,6,2025-06-20,2.25,4,160,6,
1390387583718555851,Stunning Bright Apartment,686052478,Eduard,,Binnenstad,51.0463014,3.7236982,Entire home/apt,88,1,12,2025-06-17,4.44,4,155,12,
1390388902835468772,Cozy Rooftop Apartment with Mezzanine,686052478,Eduard,,Binnenstad,51.0463014,3.7236982,Entire home/apt,85,1,7,2025-06-09,3.00,4,179,7,
1390394145218464740,"BLOSS, studio met zonnig terras",1976542,Noortje,,Binnenstad,51.05071,3.73258,Entire home/apt,115,2,2,2025-06-22,1.87,1,0,2,
1390504183819242435,Appartement Studentenbuurt Gent met Garage,74814136,Steven,,Stationsbuurt Noord,51.035444309113146,3.7254757508152796,Entire home/apt,101,2,0,,,1,59,0,
1390592395579474217,"Comfort @ stadsrand Gent, vlakbij Natuurgebied(4p)",246803446,Donald,,Dampoort,51.05008,3.74516,Entire home/apt,127,2,7,2025-06-15,3.28,10,313,7,
1390710056907312182,Estudio en Gante,682988453,Cristo,,Binnenstad,51.050208505957784,3.7321444073783216,Entire home/apt,121,1,0,,,9,339,0,
1390714295977627250,Apartamento en Gante,682988453,Cristo,,Binnenstad,51.051409120122365,3.731633523148152,Private room,104,1,6,2025-05-27,2.47,9,348,6,
1390730497412359623,Hippe woning nabij centrum Gent,5336511,Laurie,,Mariakerke,51.07070332956266,3.675098012545726,Entire home/apt,158,2,3,2025-06-15,1.70,1,31,3,
1390746930133025931,Superior suite,331340556,Mounaim,,Binnenstad,51.05050565402227,3.7297824733350207,Entire home/apt,76,1,23,2025-06-23,8.62,6,292,23,
1390748786913612272,Habitación en Gante,682988453,Cristo,,Binnenstad,51.05040393486435,3.732146017031557,Private room,93,1,3,2025-05-03,1.41,9,306,3,
1392637796848294983,The Prestige Room,678988988,Thomas,,Sluizeken - Tolhuis - Ham,51.0632652,3.7323229,Private room,61,1,7,2025-06-08,3.09,1,98,7,
1392798965964858426,Comfy & Cozy 5BR Apartment in the Heart of Ghent,651961264,Danesh,,Binnenstad,51.05357,3.72232,Entire home/apt,395,1,0,,,15,346,0,
1393376998289676635,Gezellige kamer in fijn huis,3867287,Riet,,Oud Gentbrugge,51.042048326994156,3.753371450064006,Private room,65,2,0,,,2,9,0,
1393682963356738825,Unieke penthouse aan de visserij,88856681,Tom,,Macharius - Heirnis,51.0465793,3.7396475,Entire home/apt,132,1,3,2025-06-08,1.73,1,68,3,
1393690437439888497,Habitación individual en Gent,682988453,Cristo,,Binnenstad,51.0504989894266,3.731346851862501,Private room,81,1,0,,,9,284,0,
1394338469566179601,Gezellig arbeidershuisje dichtbij centrum,77275074,Femke,,Rabot  - Blaisantvest,51.062921953665665,3.7079436997450235,Entire home/apt,128,2,6,2025-06-06,3.67,1,50,6,
1394774593858237859,Luxury flat in citycentrum of Ghent,515849835,Thomas,,Binnenstad,51.04186271889442,3.7366466357125048,Entire home/apt,90,4,0,,,1,274,0,
1394986224455625168,Modern studio with little garden,429555549,,,Rabot  - Blaisantvest,51.06495904386082,3.7096104967209325,Entire home/apt,142,2,1,2025-06-01,1,1,365,1,
1396293770321576761,"Quiet stay, close to city Ghent",689230176,Nadine,,Oud Gentbrugge,51.042467298828974,3.7452484135985675,Entire home/apt,115,2,0,,,2,46,0,
1397056406795983557,"Rustig, modern en nieuw app. - Topligging in Gent!",489936546,Remi,,Stationsbuurt Zuid,51.03322541317511,3.7116344714078298,Entire home/apt,112,2,2,2025-06-16,1.87,12,339,2,
1397077508438703992,Huswell - Chic Studio with Garden in Central Ghent,472694401,Jean-Paul,,Stationsbuurt Noord,51.0318776,3.730072,Private room,90,2,1,2025-05-05,0.58,34,356,1,
1397141917493454681,Rustiek achterhuisje,4058153,Leen,,Mariakerke,51.07733044439764,3.6899329699587042,Entire home/apt,58,1,11,2025-06-18,4.58,1,60,11,
1398314965616196855,Lichtrijk appartement op toplocatie in Gent4,182753172,Anthony,,Binnenstad,51.05082,3.72964,Entire home/apt,112,1,3,2025-06-05,1.55,4,243,3,
1398731639529098864,The Royal suite,331340556,Mounaim,,Binnenstad,51.0503939898737,3.730956120798796,Entire home/apt,75,1,19,2025-06-21,8.64,6,274,19,
1398951118249070359,Apto. en el centro de Gante,439241679,Jose,,Binnenstad,51.05483,3.73197,Entire home/apt,107,1,8,2025-06-22,4.00,1,271,8,
1399303034840573800,Central Apartment in Gent with Parking A&A,8027400,Anna,,Sluizeken - Tolhuis - Ham,51.064222256701285,3.7299279336405826,Entire home/apt,85,1,14,2025-06-23,7.92,1,3,14,
1399903267535045117,Cozy summer stay in Ghent,690147978,Megan,,Oud Gentbrugge,51.03803270995439,3.7574018113365977,Entire home/apt,,14,0,,,1,12,0,
1400578957512885759,Comfortable Sleek Room in a Vibrant Setting,651961264,Danesh,,Binnenstad,51.05259731914528,3.725670169736004,Private room,68,1,10,2025-06-14,5.36,15,359,10,
1400834066032848468,Angela,437828166,Ghoul,,Brugse Poort - Rooigem,51.06349107775516,3.698061732080601,Entire home/apt,68,4,0,,,1,353,0,
1400872771425094219,2-persoonskamer mooi appartement,360712697,Tom Jan D,,Stationsbuurt Noord,51.038914302100906,3.7101803719997406,Private room,77,1,8,2025-06-18,3.69,1,317,8,
1401170059036697813,Artistic private apartment,121003233,Hilde,,Sluizeken - Tolhuis - Ham,51.0622184,3.7162658,Entire home/apt,95,2,4,2025-06-21,2.31,2,211,4,
1401602033877184235,Compact Double Room - Unique Cute Rooftop Terrace,439069630,Dante,,Binnenstad,51.049854351199855,3.727066186737491,Private room,126,1,1,2025-06-22,1,4,330,1,
1402852541301149984,Ruime woning met zwembad in de stad,271569336,Jef,,Bloemekenswijk,51.06714784143406,3.7077484585675813,Entire home/apt,,2,2,2025-06-23,2,1,232,2,
1403110429343068256,Cosy Apartment (up to 4 guests) | City Center,439069630,Dante,,Binnenstad,51.0573231842784,3.727381677034937,Entire home/apt,151,1,1,2025-06-09,1,4,274,1,
1404284482930916280,Cosy studio in prime location,167814774,Priyanka,,Binnenstad,51.05014280054474,3.730561262307549,Entire home/apt,64,1,17,2025-06-12,9.62,2,248,17,
1404353479966778517,StayNice@Gent,143008778,Dominique,,Stationsbuurt Zuid,51.0306657,3.705901,Entire home/apt,190,2,0,,,1,108,0,
1405647028541521268,Gelijkvloers appartement met tuin – Gent,33453359,Benjamin,,Sint Denijs Westrem,51.02019258567368,3.6692061151250708,Entire home/apt,92,28,0,,,1,322,0,
1405685557783180257,Quiet apartment - Centre/Station,691609258,Ann,,Stationsbuurt Noord,51.0392231,3.7152681,Entire home/apt,,2,0,,,1,0,0,
1405850640888594319,Skyview Sunset Loft,514517186,Bedh Raj,,Brugse Poort - Rooigem,51.0539607,3.7015248,Entire home/apt,102,1,6,2025-06-01,3.33,1,104,6,
1406487771147228595,Modern retreat with garden,501105625,Rémi,,Gentbrugge,51.03592,3.75853,Entire home/apt,102,1,8,2025-06-18,4.62,1,34,8,
1406708911140283442,Habitación Doble con Litera,682988453,Cristo,,Binnenstad,51.051172483539496,3.7309643123171368,Private room,90,1,0,,,9,334,0,
1406991314602305758,Comfortable & Stylish Studio in Heart of Ghent,651961264,Danesh,,Binnenstad,51.051760321715136,3.725540326479973,Private room,70,1,9,2025-06-23,6.59,15,339,9,
1407032316617773592,Charming & Central Stay with Terrace,671843837,Eduard,,Stationsbuurt Noord,51.0360636,3.7265448,Entire home/apt,111,1,8,2025-06-21,4.53,3,145,8,
1407238859345631708,Ruim appartement in centrum Gent,43204885,Helena,,Elisabethbegijnhof - Papegaai,51.04999,3.71762,Entire home/apt,,1,0,,,2,0,0,
1408009606093346500,Cozy house in Ghent - Gitoo,692209111,Gianni Louis A,,Brugse Poort - Rooigem,51.0572131,3.700507499999999,Entire home/apt,97,2,0,,,8,20,0,
1408165848313348959,Kamer Leie in Cozy House - Gitoo,692209111,Gianni Louis A,,Brugse Poort - Rooigem,51.05829,3.70064,Private room,49,1,0,,,8,34,0,
1408180104640147596,Kamer Lieve in Cozy House - Gitoo,692209111,Gianni Louis A,,Brugse Poort - Rooigem,51.05686877586443,3.7010392388432707,Private room,44,1,0,,,8,23,0,
1408183940561631620,Kamer Schelde in Cozy House - Gitoo,692209111,Gianni Louis A,,Brugse Poort - Rooigem,51.05763,3.70158,Private room,44,1,0,,,8,27,0,
1408215342466363890,Casa Hosa - Gitoo,692209111,Gianni Louis A,,Watersportbaan - Ekkergem,51.05105,3.70345,Entire home/apt,53,1,0,,,8,30,0,
1408237186434892372,Studio Easi - Gitoo,692209111,Gianni Louis A,,Stationsbuurt Zuid,51.03096260097213,3.7100985752758744,Entire home/apt,53,1,0,,,8,15,0,
1408460873466481017,Modern 2BR Stay | Near Korenmarkt + WiFi,666129800,Abdullah Rashid,,Binnenstad,51.05202365974294,3.723790537310641,Private room,120,1,0,,,4,341,0,
1409588919595495179,Stadshuisje,138954972,Judith,,Brugse Poort - Rooigem,51.05995670533542,3.703829951796369,Entire home/apt,102,2,2,2025-06-08,2,1,332,2,
1409979488556009717,2 bedroom apartment Ghent Centre,1328011,Jan,,Elisabethbegijnhof - Papegaai,51.05465416454868,3.7179809981475653,Entire home/apt,180,90,0,,,6,359,0,
1413763461345928244,Goed gelegen kamer ensuite - Maria,6213435,Nathalie,,Binnenstad,51.03773002466317,3.7324938076972805,Private room,83,3,0,,,3,257,0,
1414705618260592065,'Anno 1' Bright apartment with terrace in Ghent,664995519,Laurent,,Elisabethbegijnhof - Papegaai,51.050933850404064,3.715606546655422,Entire home/apt,144,1,2,2025-06-09,2,2,281,2,
1415171632685108088,Suite,36157906,Dirk,,Binnenstad,51.038824781112886,3.72893669522578,Private room,166,2,0,,,3,245,0,
1415194394761676394,Double Room with garden view,36157906,Dirk,,Binnenstad,51.03855,3.72874,Private room,132,1,0,,,3,240,0,
1415196351929208583,Studio,36157906,Dirk,,Binnenstad,51.0387097827536,3.7291158371044792,Private room,132,1,0,,,3,238,0,
1416043483627588006,Dubbele suite  B&B The Verhaegen,20636358,Marc,,Elisabethbegijnhof - Papegaai,51.0519472,3.716843799999999,Private room,479,1,0,,,6,298,0,
1416534893695428615,"Welling Whispers - 
soothing & refined minimalism",671573298,Saliha,,Elisabethbegijnhof - Papegaai,51.05235794920493,3.7151007129107407,Private room,182,1,0,,,1,76,0,
1416736571912977944,Cozy Room @ B&B The Verhaegen,20636358,Marc,,Elisabethbegijnhof - Papegaai,51.0519472,3.716843799999999,Private room,240,1,0,,,6,301,0,
1417170735889193117,Deluxe Room @B&B The Verhaegen,20636358,Marc,,Elisabethbegijnhof - Papegaai,51.05266096578236,3.717291158240301,Private room,268,1,0,,,6,284,0,
1417184435368480988,Paola's Room @ B&B The Verhaegen,20636358,Marc,,Elisabethbegijnhof - Papegaai,51.05147330858629,3.7163710015487426,Private room,309,1,0,,,6,282,0,
1417190016770189214,Suite Années '40 @ The Verhaegen,20636358,Marc,,Elisabethbegijnhof - Papegaai,51.05301442107412,3.7165358604767698,Private room,426,1,0,,,6,297,0,
1419505233543673461,Alfons,31377738,Lore,,Moscou - Vogelhoek,51.02933648517128,3.759570149618801,Entire home/apt,85,2,1,2025-06-01,1,2,317,1,
1419704258134122326,Lichtrijke stadswoning met tuin nabij Gent,36613260,Jonas,,Gentbrugge,51.04392,3.76105,Entire home/apt,105,21,0,,,1,5,0,
1419720665526827914,Studio downtown Gent,269434414,Hock Thang,,Binnenstad,51.0475088,3.721097399999999,Entire home/apt,101,1,0,,,1,70,0,
1420109156521965630,'Anno 2' Bright one bedroom duplex in Ghent,664995519,Laurent,,Elisabethbegijnhof - Papegaai,51.0502956,3.7161385,Entire home/apt,139,1,3,2025-06-08,3,2,276,3,
1420257052421699921,Studio Karel - Gitoo,692209111,Gianni Louis A,,Binnenstad,51.05292751155334,3.733486886056262,Private room,72,1,0,,,8,15,0,
1420413896284689604,City Apartment along the water,405808599,Karen,,Binnenstad,51.0358284,3.7326469,Entire home/apt,125,28,0,,,1,341,0,
1421170954060227445,Ruime kamer met privacy,311952294,Annick,,Gentbrugge,51.0405363,3.7716989,Private room,80,1,3,2025-06-10,3,1,30,3,
1421467314681071768,Interbellum spacious groundfloor,5883895,Annelore,,Macharius - Heirnis,51.04809936874317,3.7438123872088758,Entire home/apt,123,14,0,,,9,222,0,
1421685934614910697,Double Room with stairs,571736001,Eduard,,Binnenstad,51.0508178,3.7234712,Entire home/apt,65,1,6,2025-06-20,4.62,9,179,6,
1421690045432665668,Double Room without stairs,571736001,Eduard,,Binnenstad,51.0508178,3.7234712,Entire home/apt,66,1,1,2025-05-31,1,9,175,1,
1421691072372613192,Modern 2-Bedroom Getaway in the Heart of Ghent,651961264,Danesh,,Binnenstad,51.0526916061706,3.724780104905629,Private room,134,1,0,,,15,53,0,
1421692689611251770,Double Room without stairs,571736001,Eduard,,Binnenstad,51.0508178,3.7234712,Entire home/apt,58,1,32,2025-06-20,25.26,9,179,32,
1421697923493096793,Room with bunkbed,571736001,Eduard,,Binnenstad,51.0508178,3.7234712,Entire home/apt,65,1,5,2025-06-21,5,9,180,5,
1421700604112667230,Mezzanine Sofa Bed,571736001,Eduard,,Binnenstad,51.0508178,3.7234712,Entire home/apt,67,1,6,2025-06-08,5.62,9,171,6,
1421801540691294383,Suite with sofa bed,571736001,Eduard,,Binnenstad,51.0508178,3.7234712,Entire home/apt,78,1,7,2025-06-21,5.83,9,171,7,
1422491810748403348,Cozy Studio | Prime Ghent City Location,651961264,Danesh,,Binnenstad,51.05329,3.72225,Private room,79,1,7,2025-06-21,6.00,15,354,7,
1422922997658926129,Quietness and comfort in Ghent,18092713,Kwinten,,Mariakerke,51.07353,3.66908,Entire home/apt,343,2,0,,,1,32,0,
1423628448334706166,Lichtrijke ruime studio in Gent,527210016,Rien,,Ledeberg,51.036864027464084,3.7471160593159345,Private room,80,2,1,2025-06-20,1,1,180,1,
1423788460617754944,6  Lovely & Comfortable Studios @Heart of Gent,666129800,Abdullah Rashid,,Binnenstad,51.053982287763546,3.721893998791482,Entire home/apt,405,1,0,,,4,339,0,
1424541734111042434,"Modern, gerenoveerd app; ideale ligging met terras",489936546,Remi,,Stationsbuurt Zuid,51.0344009524647,3.711899608326472,Entire home/apt,108,2,0,,,12,327,0,
1424624378826165940,Bunk Bed Room with sofa bed,571736001,Eduard,,Binnenstad,51.0508178,3.7234712,Entire home/apt,83,1,1,2025-06-17,1,9,161,1,
1425283423336761037,Charming City Studio in the Heart of Ghent,671843837,Eduard,,Elisabethbegijnhof - Papegaai,51.05803359999999,3.717497,Entire home/apt,55,1,0,,,3,176,0,
1425345130491759720,Large Double Room without stairs,571736001,Eduard,,Binnenstad,51.0508178,3.7234712,Entire home/apt,65,1,4,2025-06-14,3.75,9,168,4,
1425507298362575462,Zeer ruime kamer nabij centrum,324514528,Gemma,,Sluizeken - Tolhuis - Ham,51.06113104876423,3.7254866370220503,Private room,,1,1,2025-06-07,1,1,0,1,
1425919092893391996,Charming room near city center!,420511887,Jasmin,,Sint Amandsberg,51.0614985,3.7472309,Private room,61,1,3,2025-06-22,3,1,333,3,
1426724153186174504,"Stylish Room w/View @Vibrant Ghent, Breezy Balcony",651961264,Danesh,,Binnenstad,51.05373,3.72188,Private room,58,1,5,2025-06-20,5,15,345,5,
1427644946301353734,Private room apartment near Gent train station,469429408,Nosheen,,Stationsbuurt Zuid,51.03245174188743,3.7098988563584383,Private room,59,5,0,,,1,299,0,
1428126194963283156,Expo 13 Room 1,139791492,Michel,,Stationsbuurt Zuid,51.03353,3.71639,Private room,124,1,0,,,4,344,0,
1428151800229988045,Betaalbare ruime kamer,679512709,Jennifer Annie,,Sluizeken - Tolhuis - Ham,51.06254,3.73349,Private room,52,1,1,2025-06-03,1,2,319,1,
1428243184149093427,Expo 13 Room 2,139791492,Michel,,Stationsbuurt Zuid,51.03372,3.71481,Private room,124,1,0,,,4,333,0,
1428284168615935422,Expo 13 Room 3,139791492,Michel,,Stationsbuurt Noord,51.03400762902968,3.716226604170653,Private room,124,1,0,,,4,341,0,
1428290288444364776,The Silent Nest In Ghent,689230176,Nadine,,Oud Gentbrugge,51.041991732766604,3.7468678822840022,Private room,85,1,0,,,2,115,0,
1428306678777219898,Expo 13 Room 4,139791492,Michel,,Stationsbuurt Zuid,51.03359659001048,3.7162189215333377,Private room,124,1,0,,,4,338,0,
1428989611792411083,Goed gelegen kamer ensuite Filip,6213435,Nathalie,,Binnenstad,51.03853705394408,3.7339386842834372,Private room,83,3,0,,,3,351,0,
1428999258181778833,Goed gelegen kamer ensuite Karel,6213435,Nathalie,,Binnenstad,51.03739334114383,3.733741329973663,Private room,83,3,0,,,3,292,0,
1429855631015357902,Green & peaceful home w/ swimming pond near centre,160695696,Hanne,,Oud Gentbrugge,51.04009649551153,3.7549542239580105,Entire home/apt,112,2,1,2025-06-22,1,1,10,1,
1430872323759788277,Toplocatie appartement.,22494031,Annelies,,Binnenstad,51.0537698,3.7304324,Entire home/apt,100,4,0,,,2,353,0,
1430975033114325075,Cosy room,426867489,Ahmed,,Dampoort,51.05807,3.74483,Private room,62,1,0,,,1,15,0,
1431272254729988496,Compact Studio in The Heart of Ghent,439069630,Dante,,Binnenstad,51.05846541565149,3.7273285966572773,Entire home/apt,133,1,0,,,4,312,0,
1431281555529904086,Queen Room in Ghent City Center,439069630,Dante,,Binnenstad,51.059047335386595,3.7275441391926756,Private room,126,1,1,2025-06-09,1,4,301,1,
1431873227386430954,Studio Laurent - Gitoo,692209111,Gianni Louis A,,Stationsbuurt Noord,51.04134009553757,3.720226309550247,Entire home/apt,80,1,0,,,8,13,0,
1431940951534702177,Room + Living area Kitchen Garden Bicycle Coffee,1961511,Hans,,Stationsbuurt Zuid,51.031054467431744,3.7087540352721446,Private room,49,1,0,,,1,306,0,
1432063010676765905,Gent Central Park Apartment  - Toplocatie,21714502,Anna,,Binnenstad,51.05352990860161,3.723911242327884,Entire home/apt,138,1,1,2025-06-21,1,2,65,1,
1432326405821821129,Elegant Stay | Ghent Center with Local Charm,651961264,Danesh,,Binnenstad,51.05164722911425,3.727044470756607,Private room,68,1,1,2025-06-06,1,15,354,1,
1432764540642690448,Ruime kamer aan natuurgebied,59882738,Hannes,,Mariakerke,51.06747851563429,3.666870840913822,Private room,62,1,0,,,1,326,0,
1434873723513004658,City center studio apartment,698948915,Ahmed,,Binnenstad,51.052947934095194,3.7319340336921725,Entire home/apt,89,1,0,,,1,80,0,
1435249394388127133,‘t klein Begijntje,310194020,Amber,,Elisabethbegijnhof - Papegaai,51.056207340818325,3.710844042552975,Entire home/apt,78,2,1,2025-06-16,1,1,326,1,
1435331709175347596,Modern Duplex Near City Center!,364513429,Charlotte,,Wondelgem,51.07944820927586,3.7105949918056593,Entire home/apt,94,1,0,,,1,306,0,
1435376507168283778,Lichtrijk appartement Gent,476360780,Valerie,,Stationsbuurt Noord,51.03978,3.71291,Entire home/apt,141,1,0,,,4,4,0,
1435538703374904513,Modern luxeappartement centrum,568534926,Ine,,Watersportbaan - Ekkergem,51.0477043,3.7104242,Entire home/apt,100,30,0,,,1,122,0,
1437002666365846877,Ruime kamer in gerenoveerd bohemian woning,38071391,Matthias,,Brugse Poort - Rooigem,51.05972,3.70293,Private room,55,2,0,,,5,258,0,
1437604995134891822,"Family Home with Garden, Workspace & Gym",671843837,Eduard,,Rabot  - Blaisantvest,51.06382,3.71323,Entire home/apt,114,1,2,2025-06-21,2,3,166,2,
1438271135467111133,Apartment Gent historic center,5098953,Mathieu,,Binnenstad,51.0576406,3.7263248,Entire home/apt,74,1,0,,,1,43,0,
1438998535844621722,Sfeervol appartement,52248992,David,,Sint Amandsberg,51.07019,3.7562,Private room,50,2,0,,,1,357,0,
1439842185519114952,Appartement in Ghent,71951997,Valerie,,Stationsbuurt Noord,51.04251,3.70673,Entire home/apt,170,2,0,,,1,297,0,
1440378016451998051,Urban Loft in historical center of Ghent,29115729,Julie,,Binnenstad,51.04951702059081,3.7287712670734208,Entire home/apt,365,2,0,,,1,46,0,
1440406034900666943,Family room for 4,571736001,Eduard,,Binnenstad,51.0508178,3.7234712,Entire home/apt,75,1,0,,,9,159,0,
1441215144885495328,Enjoy the centre of Ghent!,700671467,Lea Vanessa,,Binnenstad,51.04946615982938,3.724181132402353,Entire home/apt,101,2,0,,,1,23,0,
1441775269396181621,Trendy Room The Heart of Ghent's Cultural Scene,651961264,Danesh,,Binnenstad,51.05336,3.72658,Private room,70,1,0,,,15,340,0,
1442033655135358029,Stijlvolle gezinswoning,700898871,Lotte,,Dampoort,51.04858,3.75135,Entire home/apt,227,1,0,,,1,323,0,
1442606300765004854,Marilyn's Place,15512069,Els,,Binnenstad,51.0572108,3.730969899999999,Entire home/apt,110,2,0,,,1,233,0,
1443909441727092832,Stylish 3-Studio Rental | Central Gent,666129800,Abdullah Rashid,,Binnenstad,51.05341,3.72482,Private room,183,1,0,,,4,339,0,
1444135595793564972,Apartment - Ghent - Penthouse,659835178,Cansukan Aram,,Binnenstad,51.03948671136638,3.7309520848006623,Entire home/apt,70,7,0,,,1,362,0,
1444409651354302583,ruime moderne kamer in het centrum!,509122864,Maya,,Elisabethbegijnhof - Papegaai,51.0551869,3.7191075,Private room,64,1,0,,,1,27,0,
1446271257966999244,2 bedroom house near the centre of Ghent,76410163,,,Brugse Poort - Rooigem,51.058819,3.6946285,Entire home/apt,134,4,0,,,1,75,0,
1446564797557574017,Modern appartement in Gent!,700080710,Sven,,Stationsbuurt Noord,51.0353401,3.723948999999999,Entire home/apt,111,2,0,,,1,74,0,
1446574782306524607,comfy studio in city center,401167224,Maria,,Watersportbaan - Ekkergem,51.05191,3.70231,Entire home/apt,61,1,0,,,1,54,0,
1446857763578113847,Huisje in hartje Gent,212230156,Karen,,Brugse Poort - Rooigem,51.06096,3.69728,Entire home/apt,121,1,0,,,1,37,0,
1447659780449107757,Duplex centrum Gent met Garage,700537226,Louise,,Binnenstad,51.0482921506286,3.7255480578196845,Entire home/apt,290,2,0,,,1,39,0,
1448019066581844826,Gent Belfort Suite - Toplocatie,21714502,Anna,,Binnenstad,51.05348944408893,3.724061446032718,Entire home/apt,156,1,0,,,2,239,0,
1448447842615757359,Modern 1BR Apartment | Walk to City Center,651961264,Danesh,,Bloemekenswijk,51.0704,3.70973,Entire home/apt,97,1,0,,,15,356,0,
1448955082798155951,Comfortable Canal-View 2BR Apartment in Ghent,651961264,Danesh,,Elisabethbegijnhof - Papegaai,51.053979683214116,3.717661134436713,Entire home/apt,107,1,0,,,15,337,0,
1448964207823496311,Elegant Waterfront Retreat in Ghent,651961264,Danesh,,Elisabethbegijnhof - Papegaai,51.05447,3.71894,Entire home/apt,239,1,0,,,15,337,0,
1448989274428760260,Pet Friendly 1BR & 1LR Apt; 15- Min Walk to Rabot,651961264,Danesh,,Bloemekenswijk,51.06989,3.71014,Entire home/apt,127,1,0,,,15,356,0,
1449159490818770143,Spacious room in bohemian house,38071391,Matthias,,Brugse Poort - Rooigem,51.05774,3.70331,Private room,55,2,0,,,5,88,0,
1449205973599603960,Spacious duplex room in bohemian house,38071391,Matthias,,Brugse Poort - Rooigem,51.0574,3.70454,Private room,63,2,0,,,5,88,0,
